slug,url,game,category,primary,tier,keyword,intent,placement,validated
abc-rummy,/games/abc-rummy.html,ABC Rummy,Rummy,abc rummy,primary,abc rummy,navigational,H1 + title + intro,NO
abc-rummy,/games/abc-rummy.html,ABC Rummy,Rummy,abc rummy,secondary,abc rummy app,navigational,H2 / spec table / body,NO
abc-rummy,/games/abc-rummy.html,ABC Rummy,Rummy,abc rummy,secondary,abc rummy game,navigational,H2 / spec table / body,NO
abc-rummy,/games/abc-rummy.html,ABC Rummy,Rummy,abc rummy,secondary,abc rummy download,transactional,H2 / spec table / body,NO
abc-rummy,/games/abc-rummy.html,ABC Rummy,Rummy,abc rummy,secondary,abc rummy apk,transactional,H2 / spec table / body,NO
abc-rummy,/games/abc-rummy.html,ABC Rummy,Rummy,abc rummy,secondary,abc rummy online,navigational,H2 / spec table / body,NO
abc-rummy,/games/abc-rummy.html,ABC Rummy,Rummy,abc rummy,secondary,abc rummy android,navigational,H2 / spec table / body,NO
abc-rummy,/games/abc-rummy.html,ABC Rummy,Rummy,abc rummy,secondary,abc rummy latest version,navigational,H2 / spec table / body,NO
abc-rummy,/games/abc-rummy.html,ABC Rummy,Rummy,abc rummy,secondary,abc rummy login,transactional,H2 / spec table / body,NO
abc-rummy,/games/abc-rummy.html,ABC Rummy,Rummy,abc rummy,long-tail,what is abc rummy,informational,FAQ question or subsection,NO
abc-rummy,/games/abc-rummy.html,ABC Rummy,Rummy,abc rummy,long-tail,how to play abc rummy,informational,FAQ question or subsection,NO
abc-rummy,/games/abc-rummy.html,ABC Rummy,Rummy,abc rummy,long-tail,abc rummy how to download,informational,FAQ question or subsection,NO
abc-rummy,/games/abc-rummy.html,ABC Rummy,Rummy,abc rummy,long-tail,is abc rummy safe,informational,FAQ question or subsection,NO
abc-rummy,/games/abc-rummy.html,ABC Rummy,Rummy,abc rummy,long-tail,abc rummy app details,informational,FAQ question or subsection,NO
abc-rummy,/games/abc-rummy.html,ABC Rummy,Rummy,abc rummy,long-tail,abc rummy supported devices,informational,FAQ question or subsection,NO
abc-rummy,/games/abc-rummy.html,ABC Rummy,Rummy,abc rummy,long-tail,abc rummy beginner guide,informational,FAQ question or subsection,NO
abc-rummy,/games/abc-rummy.html,ABC Rummy,Rummy,abc rummy,long-tail,abc rummy game guide,informational,FAQ question or subsection,NO
abc-rummy,/games/abc-rummy.html,ABC Rummy,Rummy,abc rummy,modifier,abc rummy rummy,commercial,body / category hub,NO
abc-rummy,/games/abc-rummy.html,ABC Rummy,Rummy,abc rummy,modifier,best rummy yono app,commercial,body / category hub,NO
boss-rummy,/games/boss-rummy.html,Boss Rummy,Rummy,boss rummy,primary,boss rummy,navigational,H1 + title + intro,NO
boss-rummy,/games/boss-rummy.html,Boss Rummy,Rummy,boss rummy,secondary,boss rummy app,navigational,H2 / spec table / body,NO
boss-rummy,/games/boss-rummy.html,Boss Rummy,Rummy,boss rummy,secondary,boss rummy game,navigational,H2 / spec table / body,NO
boss-rummy,/games/boss-rummy.html,Boss Rummy,Rummy,boss rummy,secondary,boss rummy download,transactional,H2 / spec table / body,NO
boss-rummy,/games/boss-rummy.html,Boss Rummy,Rummy,boss rummy,secondary,boss rummy apk,transactional,H2 / spec table / body,NO
boss-rummy,/games/boss-rummy.html,Boss Rummy,Rummy,boss rummy,secondary,boss rummy online,navigational,H2 / spec table / body,NO
boss-rummy,/games/boss-rummy.html,Boss Rummy,Rummy,boss rummy,secondary,boss rummy android,navigational,H2 / spec table / body,NO
boss-rummy,/games/boss-rummy.html,Boss Rummy,Rummy,boss rummy,secondary,boss rummy latest version,navigational,H2 / spec table / body,NO
boss-rummy,/games/boss-rummy.html,Boss Rummy,Rummy,boss rummy,secondary,boss rummy login,transactional,H2 / spec table / body,NO
boss-rummy,/games/boss-rummy.html,Boss Rummy,Rummy,boss rummy,long-tail,what is boss rummy,informational,FAQ question or subsection,NO
boss-rummy,/games/boss-rummy.html,Boss Rummy,Rummy,boss rummy,long-tail,how to play boss rummy,informational,FAQ question or subsection,NO
boss-rummy,/games/boss-rummy.html,Boss Rummy,Rummy,boss rummy,long-tail,boss rummy how to download,informational,FAQ question or subsection,NO
boss-rummy,/games/boss-rummy.html,Boss Rummy,Rummy,boss rummy,long-tail,is boss rummy safe,informational,FAQ question or subsection,NO
boss-rummy,/games/boss-rummy.html,Boss Rummy,Rummy,boss rummy,long-tail,boss rummy app details,informational,FAQ question or subsection,NO
boss-rummy,/games/boss-rummy.html,Boss Rummy,Rummy,boss rummy,long-tail,boss rummy supported devices,informational,FAQ question or subsection,NO
boss-rummy,/games/boss-rummy.html,Boss Rummy,Rummy,boss rummy,long-tail,boss rummy beginner guide,informational,FAQ question or subsection,NO
boss-rummy,/games/boss-rummy.html,Boss Rummy,Rummy,boss rummy,long-tail,boss rummy game guide,informational,FAQ question or subsection,NO
boss-rummy,/games/boss-rummy.html,Boss Rummy,Rummy,boss rummy,modifier,boss rummy rummy,commercial,body / category hub,NO
boss-rummy,/games/boss-rummy.html,Boss Rummy,Rummy,boss rummy,modifier,best rummy yono app,commercial,body / category hub,NO
game-rummy,/games/game-rummy.html,Game Rummy,Rummy,game rummy,primary,game rummy,navigational,H1 + title + intro,NO
game-rummy,/games/game-rummy.html,Game Rummy,Rummy,game rummy,secondary,game rummy app,navigational,H2 / spec table / body,NO
game-rummy,/games/game-rummy.html,Game Rummy,Rummy,game rummy,secondary,game rummy game,navigational,H2 / spec table / body,NO
game-rummy,/games/game-rummy.html,Game Rummy,Rummy,game rummy,secondary,game rummy download,transactional,H2 / spec table / body,NO
game-rummy,/games/game-rummy.html,Game Rummy,Rummy,game rummy,secondary,game rummy apk,transactional,H2 / spec table / body,NO
game-rummy,/games/game-rummy.html,Game Rummy,Rummy,game rummy,secondary,game rummy online,navigational,H2 / spec table / body,NO
game-rummy,/games/game-rummy.html,Game Rummy,Rummy,game rummy,secondary,game rummy android,navigational,H2 / spec table / body,NO
game-rummy,/games/game-rummy.html,Game Rummy,Rummy,game rummy,secondary,game rummy latest version,navigational,H2 / spec table / body,NO
game-rummy,/games/game-rummy.html,Game Rummy,Rummy,game rummy,secondary,game rummy login,transactional,H2 / spec table / body,NO
game-rummy,/games/game-rummy.html,Game Rummy,Rummy,game rummy,long-tail,what is game rummy,informational,FAQ question or subsection,NO
game-rummy,/games/game-rummy.html,Game Rummy,Rummy,game rummy,long-tail,how to play game rummy,informational,FAQ question or subsection,NO
game-rummy,/games/game-rummy.html,Game Rummy,Rummy,game rummy,long-tail,game rummy how to download,informational,FAQ question or subsection,NO
game-rummy,/games/game-rummy.html,Game Rummy,Rummy,game rummy,long-tail,is game rummy safe,informational,FAQ question or subsection,NO
game-rummy,/games/game-rummy.html,Game Rummy,Rummy,game rummy,long-tail,game rummy app details,informational,FAQ question or subsection,NO
game-rummy,/games/game-rummy.html,Game Rummy,Rummy,game rummy,long-tail,game rummy supported devices,informational,FAQ question or subsection,NO
game-rummy,/games/game-rummy.html,Game Rummy,Rummy,game rummy,long-tail,game rummy beginner guide,informational,FAQ question or subsection,NO
game-rummy,/games/game-rummy.html,Game Rummy,Rummy,game rummy,long-tail,game rummy game guide,informational,FAQ question or subsection,NO
game-rummy,/games/game-rummy.html,Game Rummy,Rummy,game rummy,modifier,game rummy rummy,commercial,body / category hub,NO
game-rummy,/games/game-rummy.html,Game Rummy,Rummy,game rummy,modifier,best rummy yono app,commercial,body / category hub,NO
gogo-rummy,/games/gogo-rummy.html,GoGo Rummy,Rummy,gogo rummy,primary,gogo rummy,navigational,H1 + title + intro,NO
gogo-rummy,/games/gogo-rummy.html,GoGo Rummy,Rummy,gogo rummy,secondary,gogo rummy app,navigational,H2 / spec table / body,NO
gogo-rummy,/games/gogo-rummy.html,GoGo Rummy,Rummy,gogo rummy,secondary,gogo rummy game,navigational,H2 / spec table / body,NO
gogo-rummy,/games/gogo-rummy.html,GoGo Rummy,Rummy,gogo rummy,secondary,gogo rummy download,transactional,H2 / spec table / body,NO
gogo-rummy,/games/gogo-rummy.html,GoGo Rummy,Rummy,gogo rummy,secondary,gogo rummy apk,transactional,H2 / spec table / body,NO
gogo-rummy,/games/gogo-rummy.html,GoGo Rummy,Rummy,gogo rummy,secondary,gogo rummy online,navigational,H2 / spec table / body,NO
gogo-rummy,/games/gogo-rummy.html,GoGo Rummy,Rummy,gogo rummy,secondary,gogo rummy android,navigational,H2 / spec table / body,NO
gogo-rummy,/games/gogo-rummy.html,GoGo Rummy,Rummy,gogo rummy,secondary,gogo rummy latest version,navigational,H2 / spec table / body,NO
gogo-rummy,/games/gogo-rummy.html,GoGo Rummy,Rummy,gogo rummy,secondary,gogo rummy login,transactional,H2 / spec table / body,NO
gogo-rummy,/games/gogo-rummy.html,GoGo Rummy,Rummy,gogo rummy,long-tail,what is gogo rummy,informational,FAQ question or subsection,NO
gogo-rummy,/games/gogo-rummy.html,GoGo Rummy,Rummy,gogo rummy,long-tail,how to play gogo rummy,informational,FAQ question or subsection,NO
gogo-rummy,/games/gogo-rummy.html,GoGo Rummy,Rummy,gogo rummy,long-tail,gogo rummy how to download,informational,FAQ question or subsection,NO
gogo-rummy,/games/gogo-rummy.html,GoGo Rummy,Rummy,gogo rummy,long-tail,is gogo rummy safe,informational,FAQ question or subsection,NO
gogo-rummy,/games/gogo-rummy.html,GoGo Rummy,Rummy,gogo rummy,long-tail,gogo rummy app details,informational,FAQ question or subsection,NO
gogo-rummy,/games/gogo-rummy.html,GoGo Rummy,Rummy,gogo rummy,long-tail,gogo rummy supported devices,informational,FAQ question or subsection,NO
gogo-rummy,/games/gogo-rummy.html,GoGo Rummy,Rummy,gogo rummy,long-tail,gogo rummy beginner guide,informational,FAQ question or subsection,NO
gogo-rummy,/games/gogo-rummy.html,GoGo Rummy,Rummy,gogo rummy,long-tail,gogo rummy game guide,informational,FAQ question or subsection,NO
gogo-rummy,/games/gogo-rummy.html,GoGo Rummy,Rummy,gogo rummy,modifier,gogo rummy rummy,commercial,body / category hub,NO
gogo-rummy,/games/gogo-rummy.html,GoGo Rummy,Rummy,gogo rummy,modifier,best rummy yono app,commercial,body / category hub,NO
gold-rummy,/games/gold-rummy.html,Gold Rummy,Rummy,gold rummy,primary,gold rummy,navigational,H1 + title + intro,NO
gold-rummy,/games/gold-rummy.html,Gold Rummy,Rummy,gold rummy,secondary,gold rummy app,navigational,H2 / spec table / body,NO
gold-rummy,/games/gold-rummy.html,Gold Rummy,Rummy,gold rummy,secondary,gold rummy game,navigational,H2 / spec table / body,NO
gold-rummy,/games/gold-rummy.html,Gold Rummy,Rummy,gold rummy,secondary,gold rummy download,transactional,H2 / spec table / body,NO
gold-rummy,/games/gold-rummy.html,Gold Rummy,Rummy,gold rummy,secondary,gold rummy apk,transactional,H2 / spec table / body,NO
gold-rummy,/games/gold-rummy.html,Gold Rummy,Rummy,gold rummy,secondary,gold rummy online,navigational,H2 / spec table / body,NO
gold-rummy,/games/gold-rummy.html,Gold Rummy,Rummy,gold rummy,secondary,gold rummy android,navigational,H2 / spec table / body,NO
gold-rummy,/games/gold-rummy.html,Gold Rummy,Rummy,gold rummy,secondary,gold rummy latest version,navigational,H2 / spec table / body,NO
gold-rummy,/games/gold-rummy.html,Gold Rummy,Rummy,gold rummy,secondary,gold rummy login,transactional,H2 / spec table / body,NO
gold-rummy,/games/gold-rummy.html,Gold Rummy,Rummy,gold rummy,long-tail,what is gold rummy,informational,FAQ question or subsection,NO
gold-rummy,/games/gold-rummy.html,Gold Rummy,Rummy,gold rummy,long-tail,how to play gold rummy,informational,FAQ question or subsection,NO
gold-rummy,/games/gold-rummy.html,Gold Rummy,Rummy,gold rummy,long-tail,gold rummy how to download,informational,FAQ question or subsection,NO
gold-rummy,/games/gold-rummy.html,Gold Rummy,Rummy,gold rummy,long-tail,is gold rummy safe,informational,FAQ question or subsection,NO
gold-rummy,/games/gold-rummy.html,Gold Rummy,Rummy,gold rummy,long-tail,gold rummy app details,informational,FAQ question or subsection,NO
gold-rummy,/games/gold-rummy.html,Gold Rummy,Rummy,gold rummy,long-tail,gold rummy supported devices,informational,FAQ question or subsection,NO
gold-rummy,/games/gold-rummy.html,Gold Rummy,Rummy,gold rummy,long-tail,gold rummy beginner guide,informational,FAQ question or subsection,NO
gold-rummy,/games/gold-rummy.html,Gold Rummy,Rummy,gold rummy,long-tail,gold rummy game guide,informational,FAQ question or subsection,NO
gold-rummy,/games/gold-rummy.html,Gold Rummy,Rummy,gold rummy,modifier,gold rummy rummy,commercial,body / category hub,NO
gold-rummy,/games/gold-rummy.html,Gold Rummy,Rummy,gold rummy,modifier,best rummy yono app,commercial,body / category hub,NO
hi-rummy,/games/hi-rummy.html,Hi Rummy,Rummy,hi rummy,primary,hi rummy,navigational,H1 + title + intro,NO
hi-rummy,/games/hi-rummy.html,Hi Rummy,Rummy,hi rummy,secondary,hi rummy app,navigational,H2 / spec table / body,NO
hi-rummy,/games/hi-rummy.html,Hi Rummy,Rummy,hi rummy,secondary,hi rummy game,navigational,H2 / spec table / body,NO
hi-rummy,/games/hi-rummy.html,Hi Rummy,Rummy,hi rummy,secondary,hi rummy download,transactional,H2 / spec table / body,NO
hi-rummy,/games/hi-rummy.html,Hi Rummy,Rummy,hi rummy,secondary,hi rummy apk,transactional,H2 / spec table / body,NO
hi-rummy,/games/hi-rummy.html,Hi Rummy,Rummy,hi rummy,secondary,hi rummy online,navigational,H2 / spec table / body,NO
hi-rummy,/games/hi-rummy.html,Hi Rummy,Rummy,hi rummy,secondary,hi rummy android,navigational,H2 / spec table / body,NO
hi-rummy,/games/hi-rummy.html,Hi Rummy,Rummy,hi rummy,secondary,hi rummy latest version,navigational,H2 / spec table / body,NO
hi-rummy,/games/hi-rummy.html,Hi Rummy,Rummy,hi rummy,secondary,hi rummy login,transactional,H2 / spec table / body,NO
hi-rummy,/games/hi-rummy.html,Hi Rummy,Rummy,hi rummy,long-tail,what is hi rummy,informational,FAQ question or subsection,NO
hi-rummy,/games/hi-rummy.html,Hi Rummy,Rummy,hi rummy,long-tail,how to play hi rummy,informational,FAQ question or subsection,NO
hi-rummy,/games/hi-rummy.html,Hi Rummy,Rummy,hi rummy,long-tail,hi rummy how to download,informational,FAQ question or subsection,NO
hi-rummy,/games/hi-rummy.html,Hi Rummy,Rummy,hi rummy,long-tail,is hi rummy safe,informational,FAQ question or subsection,NO
hi-rummy,/games/hi-rummy.html,Hi Rummy,Rummy,hi rummy,long-tail,hi rummy app details,informational,FAQ question or subsection,NO
hi-rummy,/games/hi-rummy.html,Hi Rummy,Rummy,hi rummy,long-tail,hi rummy supported devices,informational,FAQ question or subsection,NO
hi-rummy,/games/hi-rummy.html,Hi Rummy,Rummy,hi rummy,long-tail,hi rummy beginner guide,informational,FAQ question or subsection,NO
hi-rummy,/games/hi-rummy.html,Hi Rummy,Rummy,hi rummy,long-tail,hi rummy game guide,informational,FAQ question or subsection,NO
hi-rummy,/games/hi-rummy.html,Hi Rummy,Rummy,hi rummy,modifier,hi rummy rummy,commercial,body / category hub,NO
hi-rummy,/games/hi-rummy.html,Hi Rummy,Rummy,hi rummy,modifier,best rummy yono app,commercial,body / category hub,NO
ind-rummy,/games/ind-rummy.html,Ind Rummy,Rummy,ind rummy,primary,ind rummy,navigational,H1 + title + intro,NO
ind-rummy,/games/ind-rummy.html,Ind Rummy,Rummy,ind rummy,secondary,ind rummy app,navigational,H2 / spec table / body,NO
ind-rummy,/games/ind-rummy.html,Ind Rummy,Rummy,ind rummy,secondary,ind rummy game,navigational,H2 / spec table / body,NO
ind-rummy,/games/ind-rummy.html,Ind Rummy,Rummy,ind rummy,secondary,ind rummy download,transactional,H2 / spec table / body,NO
ind-rummy,/games/ind-rummy.html,Ind Rummy,Rummy,ind rummy,secondary,ind rummy apk,transactional,H2 / spec table / body,NO
ind-rummy,/games/ind-rummy.html,Ind Rummy,Rummy,ind rummy,secondary,ind rummy online,navigational,H2 / spec table / body,NO
ind-rummy,/games/ind-rummy.html,Ind Rummy,Rummy,ind rummy,secondary,ind rummy android,navigational,H2 / spec table / body,NO
ind-rummy,/games/ind-rummy.html,Ind Rummy,Rummy,ind rummy,secondary,ind rummy latest version,navigational,H2 / spec table / body,NO
ind-rummy,/games/ind-rummy.html,Ind Rummy,Rummy,ind rummy,secondary,ind rummy login,transactional,H2 / spec table / body,NO
ind-rummy,/games/ind-rummy.html,Ind Rummy,Rummy,ind rummy,long-tail,what is ind rummy,informational,FAQ question or subsection,NO
ind-rummy,/games/ind-rummy.html,Ind Rummy,Rummy,ind rummy,long-tail,how to play ind rummy,informational,FAQ question or subsection,NO
ind-rummy,/games/ind-rummy.html,Ind Rummy,Rummy,ind rummy,long-tail,ind rummy how to download,informational,FAQ question or subsection,NO
ind-rummy,/games/ind-rummy.html,Ind Rummy,Rummy,ind rummy,long-tail,is ind rummy safe,informational,FAQ question or subsection,NO
ind-rummy,/games/ind-rummy.html,Ind Rummy,Rummy,ind rummy,long-tail,ind rummy app details,informational,FAQ question or subsection,NO
ind-rummy,/games/ind-rummy.html,Ind Rummy,Rummy,ind rummy,long-tail,ind rummy supported devices,informational,FAQ question or subsection,NO
ind-rummy,/games/ind-rummy.html,Ind Rummy,Rummy,ind rummy,long-tail,ind rummy beginner guide,informational,FAQ question or subsection,NO
ind-rummy,/games/ind-rummy.html,Ind Rummy,Rummy,ind rummy,long-tail,ind rummy game guide,informational,FAQ question or subsection,NO
ind-rummy,/games/ind-rummy.html,Ind Rummy,Rummy,ind rummy,modifier,ind rummy rummy,commercial,body / category hub,NO
ind-rummy,/games/ind-rummy.html,Ind Rummy,Rummy,ind rummy,modifier,best rummy yono app,commercial,body / category hub,NO
inr-rummy,/games/inr-rummy.html,INR Rummy,Rummy,inr rummy,primary,inr rummy,navigational,H1 + title + intro,NO
inr-rummy,/games/inr-rummy.html,INR Rummy,Rummy,inr rummy,secondary,inr rummy app,navigational,H2 / spec table / body,NO
inr-rummy,/games/inr-rummy.html,INR Rummy,Rummy,inr rummy,secondary,inr rummy game,navigational,H2 / spec table / body,NO
inr-rummy,/games/inr-rummy.html,INR Rummy,Rummy,inr rummy,secondary,inr rummy download,transactional,H2 / spec table / body,NO
inr-rummy,/games/inr-rummy.html,INR Rummy,Rummy,inr rummy,secondary,inr rummy apk,transactional,H2 / spec table / body,NO
inr-rummy,/games/inr-rummy.html,INR Rummy,Rummy,inr rummy,secondary,inr rummy online,navigational,H2 / spec table / body,NO
inr-rummy,/games/inr-rummy.html,INR Rummy,Rummy,inr rummy,secondary,inr rummy android,navigational,H2 / spec table / body,NO
inr-rummy,/games/inr-rummy.html,INR Rummy,Rummy,inr rummy,secondary,inr rummy latest version,navigational,H2 / spec table / body,NO
inr-rummy,/games/inr-rummy.html,INR Rummy,Rummy,inr rummy,secondary,inr rummy login,transactional,H2 / spec table / body,NO
inr-rummy,/games/inr-rummy.html,INR Rummy,Rummy,inr rummy,long-tail,what is inr rummy,informational,FAQ question or subsection,NO
inr-rummy,/games/inr-rummy.html,INR Rummy,Rummy,inr rummy,long-tail,how to play inr rummy,informational,FAQ question or subsection,NO
inr-rummy,/games/inr-rummy.html,INR Rummy,Rummy,inr rummy,long-tail,inr rummy how to download,informational,FAQ question or subsection,NO
inr-rummy,/games/inr-rummy.html,INR Rummy,Rummy,inr rummy,long-tail,is inr rummy safe,informational,FAQ question or subsection,NO
inr-rummy,/games/inr-rummy.html,INR Rummy,Rummy,inr rummy,long-tail,inr rummy app details,informational,FAQ question or subsection,NO
inr-rummy,/games/inr-rummy.html,INR Rummy,Rummy,inr rummy,long-tail,inr rummy supported devices,informational,FAQ question or subsection,NO
inr-rummy,/games/inr-rummy.html,INR Rummy,Rummy,inr rummy,long-tail,inr rummy beginner guide,informational,FAQ question or subsection,NO
inr-rummy,/games/inr-rummy.html,INR Rummy,Rummy,inr rummy,long-tail,inr rummy game guide,informational,FAQ question or subsection,NO
inr-rummy,/games/inr-rummy.html,INR Rummy,Rummy,inr rummy,modifier,inr rummy rummy,commercial,body / category hub,NO
inr-rummy,/games/inr-rummy.html,INR Rummy,Rummy,inr rummy,modifier,best rummy yono app,commercial,body / category hub,NO
jaiho-rummy,/games/jaiho-rummy.html,JaiHo Rummy,Rummy,jaiho rummy,primary,jaiho rummy,navigational,H1 + title + intro,NO
jaiho-rummy,/games/jaiho-rummy.html,JaiHo Rummy,Rummy,jaiho rummy,secondary,jaiho rummy app,navigational,H2 / spec table / body,NO
jaiho-rummy,/games/jaiho-rummy.html,JaiHo Rummy,Rummy,jaiho rummy,secondary,jaiho rummy game,navigational,H2 / spec table / body,NO
jaiho-rummy,/games/jaiho-rummy.html,JaiHo Rummy,Rummy,jaiho rummy,secondary,jaiho rummy download,transactional,H2 / spec table / body,NO
jaiho-rummy,/games/jaiho-rummy.html,JaiHo Rummy,Rummy,jaiho rummy,secondary,jaiho rummy apk,transactional,H2 / spec table / body,NO
jaiho-rummy,/games/jaiho-rummy.html,JaiHo Rummy,Rummy,jaiho rummy,secondary,jaiho rummy online,navigational,H2 / spec table / body,NO
jaiho-rummy,/games/jaiho-rummy.html,JaiHo Rummy,Rummy,jaiho rummy,secondary,jaiho rummy android,navigational,H2 / spec table / body,NO
jaiho-rummy,/games/jaiho-rummy.html,JaiHo Rummy,Rummy,jaiho rummy,secondary,jaiho rummy latest version,navigational,H2 / spec table / body,NO
jaiho-rummy,/games/jaiho-rummy.html,JaiHo Rummy,Rummy,jaiho rummy,secondary,jaiho rummy login,transactional,H2 / spec table / body,NO
jaiho-rummy,/games/jaiho-rummy.html,JaiHo Rummy,Rummy,jaiho rummy,long-tail,what is jaiho rummy,informational,FAQ question or subsection,NO
jaiho-rummy,/games/jaiho-rummy.html,JaiHo Rummy,Rummy,jaiho rummy,long-tail,how to play jaiho rummy,informational,FAQ question or subsection,NO
jaiho-rummy,/games/jaiho-rummy.html,JaiHo Rummy,Rummy,jaiho rummy,long-tail,jaiho rummy how to download,informational,FAQ question or subsection,NO
jaiho-rummy,/games/jaiho-rummy.html,JaiHo Rummy,Rummy,jaiho rummy,long-tail,is jaiho rummy safe,informational,FAQ question or subsection,NO
jaiho-rummy,/games/jaiho-rummy.html,JaiHo Rummy,Rummy,jaiho rummy,long-tail,jaiho rummy app details,informational,FAQ question or subsection,NO
jaiho-rummy,/games/jaiho-rummy.html,JaiHo Rummy,Rummy,jaiho rummy,long-tail,jaiho rummy supported devices,informational,FAQ question or subsection,NO
jaiho-rummy,/games/jaiho-rummy.html,JaiHo Rummy,Rummy,jaiho rummy,long-tail,jaiho rummy beginner guide,informational,FAQ question or subsection,NO
jaiho-rummy,/games/jaiho-rummy.html,JaiHo Rummy,Rummy,jaiho rummy,long-tail,jaiho rummy game guide,informational,FAQ question or subsection,NO
jaiho-rummy,/games/jaiho-rummy.html,JaiHo Rummy,Rummy,jaiho rummy,modifier,jaiho rummy rummy,commercial,body / category hub,NO
jaiho-rummy,/games/jaiho-rummy.html,JaiHo Rummy,Rummy,jaiho rummy,modifier,best rummy yono app,commercial,body / category hub,NO
joy-rummy,/games/joy-rummy.html,Joy Rummy,Rummy,joy rummy,primary,joy rummy,navigational,H1 + title + intro,NO
joy-rummy,/games/joy-rummy.html,Joy Rummy,Rummy,joy rummy,secondary,joy rummy app,navigational,H2 / spec table / body,NO
joy-rummy,/games/joy-rummy.html,Joy Rummy,Rummy,joy rummy,secondary,joy rummy game,navigational,H2 / spec table / body,NO
joy-rummy,/games/joy-rummy.html,Joy Rummy,Rummy,joy rummy,secondary,joy rummy download,transactional,H2 / spec table / body,NO
joy-rummy,/games/joy-rummy.html,Joy Rummy,Rummy,joy rummy,secondary,joy rummy apk,transactional,H2 / spec table / body,NO
joy-rummy,/games/joy-rummy.html,Joy Rummy,Rummy,joy rummy,secondary,joy rummy online,navigational,H2 / spec table / body,NO
joy-rummy,/games/joy-rummy.html,Joy Rummy,Rummy,joy rummy,secondary,joy rummy android,navigational,H2 / spec table / body,NO
joy-rummy,/games/joy-rummy.html,Joy Rummy,Rummy,joy rummy,secondary,joy rummy latest version,navigational,H2 / spec table / body,NO
joy-rummy,/games/joy-rummy.html,Joy Rummy,Rummy,joy rummy,secondary,joy rummy login,transactional,H2 / spec table / body,NO
joy-rummy,/games/joy-rummy.html,Joy Rummy,Rummy,joy rummy,long-tail,what is joy rummy,informational,FAQ question or subsection,NO
joy-rummy,/games/joy-rummy.html,Joy Rummy,Rummy,joy rummy,long-tail,how to play joy rummy,informational,FAQ question or subsection,NO
joy-rummy,/games/joy-rummy.html,Joy Rummy,Rummy,joy rummy,long-tail,joy rummy how to download,informational,FAQ question or subsection,NO
joy-rummy,/games/joy-rummy.html,Joy Rummy,Rummy,joy rummy,long-tail,is joy rummy safe,informational,FAQ question or subsection,NO
joy-rummy,/games/joy-rummy.html,Joy Rummy,Rummy,joy rummy,long-tail,joy rummy app details,informational,FAQ question or subsection,NO
joy-rummy,/games/joy-rummy.html,Joy Rummy,Rummy,joy rummy,long-tail,joy rummy supported devices,informational,FAQ question or subsection,NO
joy-rummy,/games/joy-rummy.html,Joy Rummy,Rummy,joy rummy,long-tail,joy rummy beginner guide,informational,FAQ question or subsection,NO
joy-rummy,/games/joy-rummy.html,Joy Rummy,Rummy,joy rummy,long-tail,joy rummy game guide,informational,FAQ question or subsection,NO
joy-rummy,/games/joy-rummy.html,Joy Rummy,Rummy,joy rummy,modifier,joy rummy rummy,commercial,body / category hub,NO
joy-rummy,/games/joy-rummy.html,Joy Rummy,Rummy,joy rummy,modifier,best rummy yono app,commercial,body / category hub,NO
love-rummy,/games/love-rummy.html,Love Rummy,Rummy,love rummy,primary,love rummy,navigational,H1 + title + intro,NO
love-rummy,/games/love-rummy.html,Love Rummy,Rummy,love rummy,secondary,love rummy app,navigational,H2 / spec table / body,NO
love-rummy,/games/love-rummy.html,Love Rummy,Rummy,love rummy,secondary,love rummy game,navigational,H2 / spec table / body,NO
love-rummy,/games/love-rummy.html,Love Rummy,Rummy,love rummy,secondary,love rummy download,transactional,H2 / spec table / body,NO
love-rummy,/games/love-rummy.html,Love Rummy,Rummy,love rummy,secondary,love rummy apk,transactional,H2 / spec table / body,NO
love-rummy,/games/love-rummy.html,Love Rummy,Rummy,love rummy,secondary,love rummy online,navigational,H2 / spec table / body,NO
love-rummy,/games/love-rummy.html,Love Rummy,Rummy,love rummy,secondary,love rummy android,navigational,H2 / spec table / body,NO
love-rummy,/games/love-rummy.html,Love Rummy,Rummy,love rummy,secondary,love rummy latest version,navigational,H2 / spec table / body,NO
love-rummy,/games/love-rummy.html,Love Rummy,Rummy,love rummy,secondary,love rummy login,transactional,H2 / spec table / body,NO
love-rummy,/games/love-rummy.html,Love Rummy,Rummy,love rummy,long-tail,what is love rummy,informational,FAQ question or subsection,NO
love-rummy,/games/love-rummy.html,Love Rummy,Rummy,love rummy,long-tail,how to play love rummy,informational,FAQ question or subsection,NO
love-rummy,/games/love-rummy.html,Love Rummy,Rummy,love rummy,long-tail,love rummy how to download,informational,FAQ question or subsection,NO
love-rummy,/games/love-rummy.html,Love Rummy,Rummy,love rummy,long-tail,is love rummy safe,informational,FAQ question or subsection,NO
love-rummy,/games/love-rummy.html,Love Rummy,Rummy,love rummy,long-tail,love rummy app details,informational,FAQ question or subsection,NO
love-rummy,/games/love-rummy.html,Love Rummy,Rummy,love rummy,long-tail,love rummy supported devices,informational,FAQ question or subsection,NO
love-rummy,/games/love-rummy.html,Love Rummy,Rummy,love rummy,long-tail,love rummy beginner guide,informational,FAQ question or subsection,NO
love-rummy,/games/love-rummy.html,Love Rummy,Rummy,love rummy,long-tail,love rummy game guide,informational,FAQ question or subsection,NO
love-rummy,/games/love-rummy.html,Love Rummy,Rummy,love rummy,modifier,love rummy rummy,commercial,body / category hub,NO
love-rummy,/games/love-rummy.html,Love Rummy,Rummy,love rummy,modifier,best rummy yono app,commercial,body / category hub,NO
max-rummy,/games/max-rummy.html,Max Rummy,Rummy,max rummy,primary,max rummy,navigational,H1 + title + intro,NO
max-rummy,/games/max-rummy.html,Max Rummy,Rummy,max rummy,secondary,max rummy app,navigational,H2 / spec table / body,NO
max-rummy,/games/max-rummy.html,Max Rummy,Rummy,max rummy,secondary,max rummy game,navigational,H2 / spec table / body,NO
max-rummy,/games/max-rummy.html,Max Rummy,Rummy,max rummy,secondary,max rummy download,transactional,H2 / spec table / body,NO
max-rummy,/games/max-rummy.html,Max Rummy,Rummy,max rummy,secondary,max rummy apk,transactional,H2 / spec table / body,NO
max-rummy,/games/max-rummy.html,Max Rummy,Rummy,max rummy,secondary,max rummy online,navigational,H2 / spec table / body,NO
max-rummy,/games/max-rummy.html,Max Rummy,Rummy,max rummy,secondary,max rummy android,navigational,H2 / spec table / body,NO
max-rummy,/games/max-rummy.html,Max Rummy,Rummy,max rummy,secondary,max rummy latest version,navigational,H2 / spec table / body,NO
max-rummy,/games/max-rummy.html,Max Rummy,Rummy,max rummy,secondary,max rummy login,transactional,H2 / spec table / body,NO
max-rummy,/games/max-rummy.html,Max Rummy,Rummy,max rummy,long-tail,what is max rummy,informational,FAQ question or subsection,NO
max-rummy,/games/max-rummy.html,Max Rummy,Rummy,max rummy,long-tail,how to play max rummy,informational,FAQ question or subsection,NO
max-rummy,/games/max-rummy.html,Max Rummy,Rummy,max rummy,long-tail,max rummy how to download,informational,FAQ question or subsection,NO
max-rummy,/games/max-rummy.html,Max Rummy,Rummy,max rummy,long-tail,is max rummy safe,informational,FAQ question or subsection,NO
max-rummy,/games/max-rummy.html,Max Rummy,Rummy,max rummy,long-tail,max rummy app details,informational,FAQ question or subsection,NO
max-rummy,/games/max-rummy.html,Max Rummy,Rummy,max rummy,long-tail,max rummy supported devices,informational,FAQ question or subsection,NO
max-rummy,/games/max-rummy.html,Max Rummy,Rummy,max rummy,long-tail,max rummy beginner guide,informational,FAQ question or subsection,NO
max-rummy,/games/max-rummy.html,Max Rummy,Rummy,max rummy,long-tail,max rummy game guide,informational,FAQ question or subsection,NO
max-rummy,/games/max-rummy.html,Max Rummy,Rummy,max rummy,modifier,max rummy rummy,commercial,body / category hub,NO
max-rummy,/games/max-rummy.html,Max Rummy,Rummy,max rummy,modifier,best rummy yono app,commercial,body / category hub,NO
money-rummy,/games/money-rummy.html,Money Rummy,Rummy,money rummy,primary,money rummy,navigational,H1 + title + intro,NO
money-rummy,/games/money-rummy.html,Money Rummy,Rummy,money rummy,secondary,money rummy app,navigational,H2 / spec table / body,NO
money-rummy,/games/money-rummy.html,Money Rummy,Rummy,money rummy,secondary,money rummy game,navigational,H2 / spec table / body,NO
money-rummy,/games/money-rummy.html,Money Rummy,Rummy,money rummy,secondary,money rummy download,transactional,H2 / spec table / body,NO
money-rummy,/games/money-rummy.html,Money Rummy,Rummy,money rummy,secondary,money rummy apk,transactional,H2 / spec table / body,NO
money-rummy,/games/money-rummy.html,Money Rummy,Rummy,money rummy,secondary,money rummy online,navigational,H2 / spec table / body,NO
money-rummy,/games/money-rummy.html,Money Rummy,Rummy,money rummy,secondary,money rummy android,navigational,H2 / spec table / body,NO
money-rummy,/games/money-rummy.html,Money Rummy,Rummy,money rummy,secondary,money rummy latest version,navigational,H2 / spec table / body,NO
money-rummy,/games/money-rummy.html,Money Rummy,Rummy,money rummy,secondary,money rummy login,transactional,H2 / spec table / body,NO
money-rummy,/games/money-rummy.html,Money Rummy,Rummy,money rummy,long-tail,what is money rummy,informational,FAQ question or subsection,NO
money-rummy,/games/money-rummy.html,Money Rummy,Rummy,money rummy,long-tail,how to play money rummy,informational,FAQ question or subsection,NO
money-rummy,/games/money-rummy.html,Money Rummy,Rummy,money rummy,long-tail,money rummy how to download,informational,FAQ question or subsection,NO
money-rummy,/games/money-rummy.html,Money Rummy,Rummy,money rummy,long-tail,is money rummy safe,informational,FAQ question or subsection,NO
money-rummy,/games/money-rummy.html,Money Rummy,Rummy,money rummy,long-tail,money rummy app details,informational,FAQ question or subsection,NO
money-rummy,/games/money-rummy.html,Money Rummy,Rummy,money rummy,long-tail,money rummy supported devices,informational,FAQ question or subsection,NO
money-rummy,/games/money-rummy.html,Money Rummy,Rummy,money rummy,long-tail,money rummy beginner guide,informational,FAQ question or subsection,NO
money-rummy,/games/money-rummy.html,Money Rummy,Rummy,money rummy,long-tail,money rummy game guide,informational,FAQ question or subsection,NO
money-rummy,/games/money-rummy.html,Money Rummy,Rummy,money rummy,modifier,money rummy rummy,commercial,body / category hub,NO
money-rummy,/games/money-rummy.html,Money Rummy,Rummy,money rummy,modifier,best rummy yono app,commercial,body / category hub,NO
ok-rummy,/games/ok-rummy.html,OK Rummy,Rummy,ok rummy,primary,ok rummy,navigational,H1 + title + intro,NO
ok-rummy,/games/ok-rummy.html,OK Rummy,Rummy,ok rummy,secondary,ok rummy app,navigational,H2 / spec table / body,NO
ok-rummy,/games/ok-rummy.html,OK Rummy,Rummy,ok rummy,secondary,ok rummy game,navigational,H2 / spec table / body,NO
ok-rummy,/games/ok-rummy.html,OK Rummy,Rummy,ok rummy,secondary,ok rummy download,transactional,H2 / spec table / body,NO
ok-rummy,/games/ok-rummy.html,OK Rummy,Rummy,ok rummy,secondary,ok rummy apk,transactional,H2 / spec table / body,NO
ok-rummy,/games/ok-rummy.html,OK Rummy,Rummy,ok rummy,secondary,ok rummy online,navigational,H2 / spec table / body,NO
ok-rummy,/games/ok-rummy.html,OK Rummy,Rummy,ok rummy,secondary,ok rummy android,navigational,H2 / spec table / body,NO
ok-rummy,/games/ok-rummy.html,OK Rummy,Rummy,ok rummy,secondary,ok rummy latest version,navigational,H2 / spec table / body,NO
ok-rummy,/games/ok-rummy.html,OK Rummy,Rummy,ok rummy,secondary,ok rummy login,transactional,H2 / spec table / body,NO
ok-rummy,/games/ok-rummy.html,OK Rummy,Rummy,ok rummy,long-tail,what is ok rummy,informational,FAQ question or subsection,NO
ok-rummy,/games/ok-rummy.html,OK Rummy,Rummy,ok rummy,long-tail,how to play ok rummy,informational,FAQ question or subsection,NO
ok-rummy,/games/ok-rummy.html,OK Rummy,Rummy,ok rummy,long-tail,ok rummy how to download,informational,FAQ question or subsection,NO
ok-rummy,/games/ok-rummy.html,OK Rummy,Rummy,ok rummy,long-tail,is ok rummy safe,informational,FAQ question or subsection,NO
ok-rummy,/games/ok-rummy.html,OK Rummy,Rummy,ok rummy,long-tail,ok rummy app details,informational,FAQ question or subsection,NO
ok-rummy,/games/ok-rummy.html,OK Rummy,Rummy,ok rummy,long-tail,ok rummy supported devices,informational,FAQ question or subsection,NO
ok-rummy,/games/ok-rummy.html,OK Rummy,Rummy,ok rummy,long-tail,ok rummy beginner guide,informational,FAQ question or subsection,NO
ok-rummy,/games/ok-rummy.html,OK Rummy,Rummy,ok rummy,long-tail,ok rummy game guide,informational,FAQ question or subsection,NO
ok-rummy,/games/ok-rummy.html,OK Rummy,Rummy,ok rummy,modifier,ok rummy rummy,commercial,body / category hub,NO
ok-rummy,/games/ok-rummy.html,OK Rummy,Rummy,ok rummy,modifier,best rummy yono app,commercial,body / category hub,NO
rumble-rummy,/games/rumble-rummy.html,Rumble Rummy,Rummy,rumble rummy,primary,rumble rummy,navigational,H1 + title + intro,NO
rumble-rummy,/games/rumble-rummy.html,Rumble Rummy,Rummy,rumble rummy,secondary,rumble rummy app,navigational,H2 / spec table / body,NO
rumble-rummy,/games/rumble-rummy.html,Rumble Rummy,Rummy,rumble rummy,secondary,rumble rummy game,navigational,H2 / spec table / body,NO
rumble-rummy,/games/rumble-rummy.html,Rumble Rummy,Rummy,rumble rummy,secondary,rumble rummy download,transactional,H2 / spec table / body,NO
rumble-rummy,/games/rumble-rummy.html,Rumble Rummy,Rummy,rumble rummy,secondary,rumble rummy apk,transactional,H2 / spec table / body,NO
rumble-rummy,/games/rumble-rummy.html,Rumble Rummy,Rummy,rumble rummy,secondary,rumble rummy online,navigational,H2 / spec table / body,NO
rumble-rummy,/games/rumble-rummy.html,Rumble Rummy,Rummy,rumble rummy,secondary,rumble rummy android,navigational,H2 / spec table / body,NO
rumble-rummy,/games/rumble-rummy.html,Rumble Rummy,Rummy,rumble rummy,secondary,rumble rummy latest version,navigational,H2 / spec table / body,NO
rumble-rummy,/games/rumble-rummy.html,Rumble Rummy,Rummy,rumble rummy,secondary,rumble rummy login,transactional,H2 / spec table / body,NO
rumble-rummy,/games/rumble-rummy.html,Rumble Rummy,Rummy,rumble rummy,long-tail,what is rumble rummy,informational,FAQ question or subsection,NO
rumble-rummy,/games/rumble-rummy.html,Rumble Rummy,Rummy,rumble rummy,long-tail,how to play rumble rummy,informational,FAQ question or subsection,NO
rumble-rummy,/games/rumble-rummy.html,Rumble Rummy,Rummy,rumble rummy,long-tail,rumble rummy how to download,informational,FAQ question or subsection,NO
rumble-rummy,/games/rumble-rummy.html,Rumble Rummy,Rummy,rumble rummy,long-tail,is rumble rummy safe,informational,FAQ question or subsection,NO
rumble-rummy,/games/rumble-rummy.html,Rumble Rummy,Rummy,rumble rummy,long-tail,rumble rummy app details,informational,FAQ question or subsection,NO
rumble-rummy,/games/rumble-rummy.html,Rumble Rummy,Rummy,rumble rummy,long-tail,rumble rummy supported devices,informational,FAQ question or subsection,NO
rumble-rummy,/games/rumble-rummy.html,Rumble Rummy,Rummy,rumble rummy,long-tail,rumble rummy beginner guide,informational,FAQ question or subsection,NO
rumble-rummy,/games/rumble-rummy.html,Rumble Rummy,Rummy,rumble rummy,long-tail,rumble rummy game guide,informational,FAQ question or subsection,NO
rumble-rummy,/games/rumble-rummy.html,Rumble Rummy,Rummy,rumble rummy,modifier,rumble rummy rummy,commercial,body / category hub,NO
rumble-rummy,/games/rumble-rummy.html,Rumble Rummy,Rummy,rumble rummy,modifier,best rummy yono app,commercial,body / category hub,NO
rummy-365,/games/rummy-365.html,Rummy 365,Rummy,rummy 365,primary,rummy 365,navigational,H1 + title + intro,NO
rummy-365,/games/rummy-365.html,Rummy 365,Rummy,rummy 365,secondary,rummy 365 app,navigational,H2 / spec table / body,NO
rummy-365,/games/rummy-365.html,Rummy 365,Rummy,rummy 365,secondary,rummy 365 game,navigational,H2 / spec table / body,NO
rummy-365,/games/rummy-365.html,Rummy 365,Rummy,rummy 365,secondary,rummy 365 download,transactional,H2 / spec table / body,NO
rummy-365,/games/rummy-365.html,Rummy 365,Rummy,rummy 365,secondary,rummy 365 apk,transactional,H2 / spec table / body,NO
rummy-365,/games/rummy-365.html,Rummy 365,Rummy,rummy 365,secondary,rummy 365 online,navigational,H2 / spec table / body,NO
rummy-365,/games/rummy-365.html,Rummy 365,Rummy,rummy 365,secondary,rummy 365 android,navigational,H2 / spec table / body,NO
rummy-365,/games/rummy-365.html,Rummy 365,Rummy,rummy 365,secondary,rummy 365 latest version,navigational,H2 / spec table / body,NO
rummy-365,/games/rummy-365.html,Rummy 365,Rummy,rummy 365,secondary,rummy 365 login,transactional,H2 / spec table / body,NO
rummy-365,/games/rummy-365.html,Rummy 365,Rummy,rummy 365,long-tail,what is rummy 365,informational,FAQ question or subsection,NO
rummy-365,/games/rummy-365.html,Rummy 365,Rummy,rummy 365,long-tail,how to play rummy 365,informational,FAQ question or subsection,NO
rummy-365,/games/rummy-365.html,Rummy 365,Rummy,rummy 365,long-tail,rummy 365 how to download,informational,FAQ question or subsection,NO
rummy-365,/games/rummy-365.html,Rummy 365,Rummy,rummy 365,long-tail,is rummy 365 safe,informational,FAQ question or subsection,NO
rummy-365,/games/rummy-365.html,Rummy 365,Rummy,rummy 365,long-tail,rummy 365 app details,informational,FAQ question or subsection,NO
rummy-365,/games/rummy-365.html,Rummy 365,Rummy,rummy 365,long-tail,rummy 365 supported devices,informational,FAQ question or subsection,NO
rummy-365,/games/rummy-365.html,Rummy 365,Rummy,rummy 365,long-tail,rummy 365 beginner guide,informational,FAQ question or subsection,NO
rummy-365,/games/rummy-365.html,Rummy 365,Rummy,rummy 365,long-tail,rummy 365 game guide,informational,FAQ question or subsection,NO
rummy-365,/games/rummy-365.html,Rummy 365,Rummy,rummy 365,modifier,rummy 365 rummy,commercial,body / category hub,NO
rummy-365,/games/rummy-365.html,Rummy 365,Rummy,rummy 365,modifier,best rummy yono app,commercial,body / category hub,NO
rummy-77,/games/rummy-77.html,Rummy 77,Rummy,rummy 77,primary,rummy 77,navigational,H1 + title + intro,NO
rummy-77,/games/rummy-77.html,Rummy 77,Rummy,rummy 77,secondary,rummy 77 app,navigational,H2 / spec table / body,NO
rummy-77,/games/rummy-77.html,Rummy 77,Rummy,rummy 77,secondary,rummy 77 game,navigational,H2 / spec table / body,NO
rummy-77,/games/rummy-77.html,Rummy 77,Rummy,rummy 77,secondary,rummy 77 download,transactional,H2 / spec table / body,NO
rummy-77,/games/rummy-77.html,Rummy 77,Rummy,rummy 77,secondary,rummy 77 apk,transactional,H2 / spec table / body,NO
rummy-77,/games/rummy-77.html,Rummy 77,Rummy,rummy 77,secondary,rummy 77 online,navigational,H2 / spec table / body,NO
rummy-77,/games/rummy-77.html,Rummy 77,Rummy,rummy 77,secondary,rummy 77 android,navigational,H2 / spec table / body,NO
rummy-77,/games/rummy-77.html,Rummy 77,Rummy,rummy 77,secondary,rummy 77 latest version,navigational,H2 / spec table / body,NO
rummy-77,/games/rummy-77.html,Rummy 77,Rummy,rummy 77,secondary,rummy 77 login,transactional,H2 / spec table / body,NO
rummy-77,/games/rummy-77.html,Rummy 77,Rummy,rummy 77,long-tail,what is rummy 77,informational,FAQ question or subsection,NO
rummy-77,/games/rummy-77.html,Rummy 77,Rummy,rummy 77,long-tail,how to play rummy 77,informational,FAQ question or subsection,NO
rummy-77,/games/rummy-77.html,Rummy 77,Rummy,rummy 77,long-tail,rummy 77 how to download,informational,FAQ question or subsection,NO
rummy-77,/games/rummy-77.html,Rummy 77,Rummy,rummy 77,long-tail,is rummy 77 safe,informational,FAQ question or subsection,NO
rummy-77,/games/rummy-77.html,Rummy 77,Rummy,rummy 77,long-tail,rummy 77 app details,informational,FAQ question or subsection,NO
rummy-77,/games/rummy-77.html,Rummy 77,Rummy,rummy 77,long-tail,rummy 77 supported devices,informational,FAQ question or subsection,NO
rummy-77,/games/rummy-77.html,Rummy 77,Rummy,rummy 77,long-tail,rummy 77 beginner guide,informational,FAQ question or subsection,NO
rummy-77,/games/rummy-77.html,Rummy 77,Rummy,rummy 77,long-tail,rummy 77 game guide,informational,FAQ question or subsection,NO
rummy-77,/games/rummy-77.html,Rummy 77,Rummy,rummy 77,modifier,rummy 77 rummy,commercial,body / category hub,NO
rummy-77,/games/rummy-77.html,Rummy 77,Rummy,rummy 77,modifier,best rummy yono app,commercial,body / category hub,NO
rummy-888,/games/rummy-888.html,Rummy 888,Rummy,rummy 888,primary,rummy 888,navigational,H1 + title + intro,NO
rummy-888,/games/rummy-888.html,Rummy 888,Rummy,rummy 888,secondary,rummy 888 app,navigational,H2 / spec table / body,NO
rummy-888,/games/rummy-888.html,Rummy 888,Rummy,rummy 888,secondary,rummy 888 game,navigational,H2 / spec table / body,NO
rummy-888,/games/rummy-888.html,Rummy 888,Rummy,rummy 888,secondary,rummy 888 download,transactional,H2 / spec table / body,NO
rummy-888,/games/rummy-888.html,Rummy 888,Rummy,rummy 888,secondary,rummy 888 apk,transactional,H2 / spec table / body,NO
rummy-888,/games/rummy-888.html,Rummy 888,Rummy,rummy 888,secondary,rummy 888 online,navigational,H2 / spec table / body,NO
rummy-888,/games/rummy-888.html,Rummy 888,Rummy,rummy 888,secondary,rummy 888 android,navigational,H2 / spec table / body,NO
rummy-888,/games/rummy-888.html,Rummy 888,Rummy,rummy 888,secondary,rummy 888 latest version,navigational,H2 / spec table / body,NO
rummy-888,/games/rummy-888.html,Rummy 888,Rummy,rummy 888,secondary,rummy 888 login,transactional,H2 / spec table / body,NO
rummy-888,/games/rummy-888.html,Rummy 888,Rummy,rummy 888,long-tail,what is rummy 888,informational,FAQ question or subsection,NO
rummy-888,/games/rummy-888.html,Rummy 888,Rummy,rummy 888,long-tail,how to play rummy 888,informational,FAQ question or subsection,NO
rummy-888,/games/rummy-888.html,Rummy 888,Rummy,rummy 888,long-tail,rummy 888 how to download,informational,FAQ question or subsection,NO
rummy-888,/games/rummy-888.html,Rummy 888,Rummy,rummy 888,long-tail,is rummy 888 safe,informational,FAQ question or subsection,NO
rummy-888,/games/rummy-888.html,Rummy 888,Rummy,rummy 888,long-tail,rummy 888 app details,informational,FAQ question or subsection,NO
rummy-888,/games/rummy-888.html,Rummy 888,Rummy,rummy 888,long-tail,rummy 888 supported devices,informational,FAQ question or subsection,NO
rummy-888,/games/rummy-888.html,Rummy 888,Rummy,rummy 888,long-tail,rummy 888 beginner guide,informational,FAQ question or subsection,NO
rummy-888,/games/rummy-888.html,Rummy 888,Rummy,rummy 888,long-tail,rummy 888 game guide,informational,FAQ question or subsection,NO
rummy-888,/games/rummy-888.html,Rummy 888,Rummy,rummy 888,modifier,rummy 888 rummy,commercial,body / category hub,NO
rummy-888,/games/rummy-888.html,Rummy 888,Rummy,rummy 888,modifier,best rummy yono app,commercial,body / category hub,NO
rummy-91,/games/rummy-91.html,Rummy 91,Rummy,rummy 91,primary,rummy 91,navigational,H1 + title + intro,NO
rummy-91,/games/rummy-91.html,Rummy 91,Rummy,rummy 91,secondary,rummy 91 app,navigational,H2 / spec table / body,NO
rummy-91,/games/rummy-91.html,Rummy 91,Rummy,rummy 91,secondary,rummy 91 game,navigational,H2 / spec table / body,NO
rummy-91,/games/rummy-91.html,Rummy 91,Rummy,rummy 91,secondary,rummy 91 download,transactional,H2 / spec table / body,NO
rummy-91,/games/rummy-91.html,Rummy 91,Rummy,rummy 91,secondary,rummy 91 apk,transactional,H2 / spec table / body,NO
rummy-91,/games/rummy-91.html,Rummy 91,Rummy,rummy 91,secondary,rummy 91 online,navigational,H2 / spec table / body,NO
rummy-91,/games/rummy-91.html,Rummy 91,Rummy,rummy 91,secondary,rummy 91 android,navigational,H2 / spec table / body,NO
rummy-91,/games/rummy-91.html,Rummy 91,Rummy,rummy 91,secondary,rummy 91 latest version,navigational,H2 / spec table / body,NO
rummy-91,/games/rummy-91.html,Rummy 91,Rummy,rummy 91,secondary,rummy 91 login,transactional,H2 / spec table / body,NO
rummy-91,/games/rummy-91.html,Rummy 91,Rummy,rummy 91,long-tail,what is rummy 91,informational,FAQ question or subsection,NO
rummy-91,/games/rummy-91.html,Rummy 91,Rummy,rummy 91,long-tail,how to play rummy 91,informational,FAQ question or subsection,NO
rummy-91,/games/rummy-91.html,Rummy 91,Rummy,rummy 91,long-tail,rummy 91 how to download,informational,FAQ question or subsection,NO
rummy-91,/games/rummy-91.html,Rummy 91,Rummy,rummy 91,long-tail,is rummy 91 safe,informational,FAQ question or subsection,NO
rummy-91,/games/rummy-91.html,Rummy 91,Rummy,rummy 91,long-tail,rummy 91 app details,informational,FAQ question or subsection,NO
rummy-91,/games/rummy-91.html,Rummy 91,Rummy,rummy 91,long-tail,rummy 91 supported devices,informational,FAQ question or subsection,NO
rummy-91,/games/rummy-91.html,Rummy 91,Rummy,rummy 91,long-tail,rummy 91 beginner guide,informational,FAQ question or subsection,NO
rummy-91,/games/rummy-91.html,Rummy 91,Rummy,rummy 91,long-tail,rummy 91 game guide,informational,FAQ question or subsection,NO
rummy-91,/games/rummy-91.html,Rummy 91,Rummy,rummy 91,modifier,rummy 91 rummy,commercial,body / category hub,NO
rummy-91,/games/rummy-91.html,Rummy 91,Rummy,rummy 91,modifier,best rummy yono app,commercial,body / category hub,NO
rummy-yono,/games/rummy-yono.html,Rummy Yono,Rummy,rummy yono,primary,rummy yono,navigational,H1 + title + intro,NO
rummy-yono,/games/rummy-yono.html,Rummy Yono,Rummy,rummy yono,secondary,rummy yono app,navigational,H2 / spec table / body,NO
rummy-yono,/games/rummy-yono.html,Rummy Yono,Rummy,rummy yono,secondary,rummy yono game,navigational,H2 / spec table / body,NO
rummy-yono,/games/rummy-yono.html,Rummy Yono,Rummy,rummy yono,secondary,rummy yono download,transactional,H2 / spec table / body,NO
rummy-yono,/games/rummy-yono.html,Rummy Yono,Rummy,rummy yono,secondary,rummy yono apk,transactional,H2 / spec table / body,NO
rummy-yono,/games/rummy-yono.html,Rummy Yono,Rummy,rummy yono,secondary,rummy yono online,navigational,H2 / spec table / body,NO
rummy-yono,/games/rummy-yono.html,Rummy Yono,Rummy,rummy yono,secondary,rummy yono android,navigational,H2 / spec table / body,NO
rummy-yono,/games/rummy-yono.html,Rummy Yono,Rummy,rummy yono,secondary,rummy yono latest version,navigational,H2 / spec table / body,NO
rummy-yono,/games/rummy-yono.html,Rummy Yono,Rummy,rummy yono,secondary,rummy yono login,transactional,H2 / spec table / body,NO
rummy-yono,/games/rummy-yono.html,Rummy Yono,Rummy,rummy yono,long-tail,what is rummy yono,informational,FAQ question or subsection,NO
rummy-yono,/games/rummy-yono.html,Rummy Yono,Rummy,rummy yono,long-tail,how to play rummy yono,informational,FAQ question or subsection,NO
rummy-yono,/games/rummy-yono.html,Rummy Yono,Rummy,rummy yono,long-tail,rummy yono how to download,informational,FAQ question or subsection,NO
rummy-yono,/games/rummy-yono.html,Rummy Yono,Rummy,rummy yono,long-tail,is rummy yono safe,informational,FAQ question or subsection,NO
rummy-yono,/games/rummy-yono.html,Rummy Yono,Rummy,rummy yono,long-tail,rummy yono app details,informational,FAQ question or subsection,NO
rummy-yono,/games/rummy-yono.html,Rummy Yono,Rummy,rummy yono,long-tail,rummy yono supported devices,informational,FAQ question or subsection,NO
rummy-yono,/games/rummy-yono.html,Rummy Yono,Rummy,rummy yono,long-tail,rummy yono beginner guide,informational,FAQ question or subsection,NO
rummy-yono,/games/rummy-yono.html,Rummy Yono,Rummy,rummy yono,long-tail,rummy yono game guide,informational,FAQ question or subsection,NO
rummy-yono,/games/rummy-yono.html,Rummy Yono,Rummy,rummy yono,modifier,rummy yono rummy,commercial,body / category hub,NO
rummy-yono,/games/rummy-yono.html,Rummy Yono,Rummy,rummy yono,modifier,best rummy yono app,commercial,body / category hub,NO
rummy-zip,/games/rummy-zip.html,Rummy Zip,Rummy,rummy zip,primary,rummy zip,navigational,H1 + title + intro,NO
rummy-zip,/games/rummy-zip.html,Rummy Zip,Rummy,rummy zip,secondary,rummy zip app,navigational,H2 / spec table / body,NO
rummy-zip,/games/rummy-zip.html,Rummy Zip,Rummy,rummy zip,secondary,rummy zip game,navigational,H2 / spec table / body,NO
rummy-zip,/games/rummy-zip.html,Rummy Zip,Rummy,rummy zip,secondary,rummy zip download,transactional,H2 / spec table / body,NO
rummy-zip,/games/rummy-zip.html,Rummy Zip,Rummy,rummy zip,secondary,rummy zip apk,transactional,H2 / spec table / body,NO
rummy-zip,/games/rummy-zip.html,Rummy Zip,Rummy,rummy zip,secondary,rummy zip online,navigational,H2 / spec table / body,NO
rummy-zip,/games/rummy-zip.html,Rummy Zip,Rummy,rummy zip,secondary,rummy zip android,navigational,H2 / spec table / body,NO
rummy-zip,/games/rummy-zip.html,Rummy Zip,Rummy,rummy zip,secondary,rummy zip latest version,navigational,H2 / spec table / body,NO
rummy-zip,/games/rummy-zip.html,Rummy Zip,Rummy,rummy zip,secondary,rummy zip login,transactional,H2 / spec table / body,NO
rummy-zip,/games/rummy-zip.html,Rummy Zip,Rummy,rummy zip,long-tail,what is rummy zip,informational,FAQ question or subsection,NO
rummy-zip,/games/rummy-zip.html,Rummy Zip,Rummy,rummy zip,long-tail,how to play rummy zip,informational,FAQ question or subsection,NO
rummy-zip,/games/rummy-zip.html,Rummy Zip,Rummy,rummy zip,long-tail,rummy zip how to download,informational,FAQ question or subsection,NO
rummy-zip,/games/rummy-zip.html,Rummy Zip,Rummy,rummy zip,long-tail,is rummy zip safe,informational,FAQ question or subsection,NO
rummy-zip,/games/rummy-zip.html,Rummy Zip,Rummy,rummy zip,long-tail,rummy zip app details,informational,FAQ question or subsection,NO
rummy-zip,/games/rummy-zip.html,Rummy Zip,Rummy,rummy zip,long-tail,rummy zip supported devices,informational,FAQ question or subsection,NO
rummy-zip,/games/rummy-zip.html,Rummy Zip,Rummy,rummy zip,long-tail,rummy zip beginner guide,informational,FAQ question or subsection,NO
rummy-zip,/games/rummy-zip.html,Rummy Zip,Rummy,rummy zip,long-tail,rummy zip game guide,informational,FAQ question or subsection,NO
rummy-zip,/games/rummy-zip.html,Rummy Zip,Rummy,rummy zip,modifier,rummy zip rummy,commercial,body / category hub,NO
rummy-zip,/games/rummy-zip.html,Rummy Zip,Rummy,rummy zip,modifier,best rummy yono app,commercial,body / category hub,NO
top-rummy,/games/top-rummy.html,Top Rummy,Rummy,top rummy,primary,top rummy,navigational,H1 + title + intro,NO
top-rummy,/games/top-rummy.html,Top Rummy,Rummy,top rummy,secondary,top rummy app,navigational,H2 / spec table / body,NO
top-rummy,/games/top-rummy.html,Top Rummy,Rummy,top rummy,secondary,top rummy game,navigational,H2 / spec table / body,NO
top-rummy,/games/top-rummy.html,Top Rummy,Rummy,top rummy,secondary,top rummy download,transactional,H2 / spec table / body,NO
top-rummy,/games/top-rummy.html,Top Rummy,Rummy,top rummy,secondary,top rummy apk,transactional,H2 / spec table / body,NO
top-rummy,/games/top-rummy.html,Top Rummy,Rummy,top rummy,secondary,top rummy online,navigational,H2 / spec table / body,NO
top-rummy,/games/top-rummy.html,Top Rummy,Rummy,top rummy,secondary,top rummy android,navigational,H2 / spec table / body,NO
top-rummy,/games/top-rummy.html,Top Rummy,Rummy,top rummy,secondary,top rummy latest version,navigational,H2 / spec table / body,NO
top-rummy,/games/top-rummy.html,Top Rummy,Rummy,top rummy,secondary,top rummy login,transactional,H2 / spec table / body,NO
top-rummy,/games/top-rummy.html,Top Rummy,Rummy,top rummy,long-tail,what is top rummy,informational,FAQ question or subsection,NO
top-rummy,/games/top-rummy.html,Top Rummy,Rummy,top rummy,long-tail,how to play top rummy,informational,FAQ question or subsection,NO
top-rummy,/games/top-rummy.html,Top Rummy,Rummy,top rummy,long-tail,top rummy how to download,informational,FAQ question or subsection,NO
top-rummy,/games/top-rummy.html,Top Rummy,Rummy,top rummy,long-tail,is top rummy safe,informational,FAQ question or subsection,NO
top-rummy,/games/top-rummy.html,Top Rummy,Rummy,top rummy,long-tail,top rummy app details,informational,FAQ question or subsection,NO
top-rummy,/games/top-rummy.html,Top Rummy,Rummy,top rummy,long-tail,top rummy supported devices,informational,FAQ question or subsection,NO
top-rummy,/games/top-rummy.html,Top Rummy,Rummy,top rummy,long-tail,top rummy beginner guide,informational,FAQ question or subsection,NO
top-rummy,/games/top-rummy.html,Top Rummy,Rummy,top rummy,long-tail,top rummy game guide,informational,FAQ question or subsection,NO
top-rummy,/games/top-rummy.html,Top Rummy,Rummy,top rummy,modifier,top rummy rummy,commercial,body / category hub,NO
top-rummy,/games/top-rummy.html,Top Rummy,Rummy,top rummy,modifier,best rummy yono app,commercial,body / category hub,NO
win-rummy,/games/win-rummy.html,Win Rummy,Rummy,win rummy,primary,win rummy,navigational,H1 + title + intro,NO
win-rummy,/games/win-rummy.html,Win Rummy,Rummy,win rummy,secondary,win rummy app,navigational,H2 / spec table / body,NO
win-rummy,/games/win-rummy.html,Win Rummy,Rummy,win rummy,secondary,win rummy game,navigational,H2 / spec table / body,NO
win-rummy,/games/win-rummy.html,Win Rummy,Rummy,win rummy,secondary,win rummy download,transactional,H2 / spec table / body,NO
win-rummy,/games/win-rummy.html,Win Rummy,Rummy,win rummy,secondary,win rummy apk,transactional,H2 / spec table / body,NO
win-rummy,/games/win-rummy.html,Win Rummy,Rummy,win rummy,secondary,win rummy online,navigational,H2 / spec table / body,NO
win-rummy,/games/win-rummy.html,Win Rummy,Rummy,win rummy,secondary,win rummy android,navigational,H2 / spec table / body,NO
win-rummy,/games/win-rummy.html,Win Rummy,Rummy,win rummy,secondary,win rummy latest version,navigational,H2 / spec table / body,NO
win-rummy,/games/win-rummy.html,Win Rummy,Rummy,win rummy,secondary,win rummy login,transactional,H2 / spec table / body,NO
win-rummy,/games/win-rummy.html,Win Rummy,Rummy,win rummy,long-tail,what is win rummy,informational,FAQ question or subsection,NO
win-rummy,/games/win-rummy.html,Win Rummy,Rummy,win rummy,long-tail,how to play win rummy,informational,FAQ question or subsection,NO
win-rummy,/games/win-rummy.html,Win Rummy,Rummy,win rummy,long-tail,win rummy how to download,informational,FAQ question or subsection,NO
win-rummy,/games/win-rummy.html,Win Rummy,Rummy,win rummy,long-tail,is win rummy safe,informational,FAQ question or subsection,NO
win-rummy,/games/win-rummy.html,Win Rummy,Rummy,win rummy,long-tail,win rummy app details,informational,FAQ question or subsection,NO
win-rummy,/games/win-rummy.html,Win Rummy,Rummy,win rummy,long-tail,win rummy supported devices,informational,FAQ question or subsection,NO
win-rummy,/games/win-rummy.html,Win Rummy,Rummy,win rummy,long-tail,win rummy beginner guide,informational,FAQ question or subsection,NO
win-rummy,/games/win-rummy.html,Win Rummy,Rummy,win rummy,long-tail,win rummy game guide,informational,FAQ question or subsection,NO
win-rummy,/games/win-rummy.html,Win Rummy,Rummy,win rummy,modifier,win rummy rummy,commercial,body / category hub,NO
win-rummy,/games/win-rummy.html,Win Rummy,Rummy,win rummy,modifier,best rummy yono app,commercial,body / category hub,NO
winzo-rummy,/games/winzo-rummy.html,Winzo Rummy,Rummy,winzo rummy,primary,winzo rummy,navigational,H1 + title + intro,NO
winzo-rummy,/games/winzo-rummy.html,Winzo Rummy,Rummy,winzo rummy,secondary,winzo rummy app,navigational,H2 / spec table / body,NO
winzo-rummy,/games/winzo-rummy.html,Winzo Rummy,Rummy,winzo rummy,secondary,winzo rummy game,navigational,H2 / spec table / body,NO
winzo-rummy,/games/winzo-rummy.html,Winzo Rummy,Rummy,winzo rummy,secondary,winzo rummy download,transactional,H2 / spec table / body,NO
winzo-rummy,/games/winzo-rummy.html,Winzo Rummy,Rummy,winzo rummy,secondary,winzo rummy apk,transactional,H2 / spec table / body,NO
winzo-rummy,/games/winzo-rummy.html,Winzo Rummy,Rummy,winzo rummy,secondary,winzo rummy online,navigational,H2 / spec table / body,NO
winzo-rummy,/games/winzo-rummy.html,Winzo Rummy,Rummy,winzo rummy,secondary,winzo rummy android,navigational,H2 / spec table / body,NO
winzo-rummy,/games/winzo-rummy.html,Winzo Rummy,Rummy,winzo rummy,secondary,winzo rummy latest version,navigational,H2 / spec table / body,NO
winzo-rummy,/games/winzo-rummy.html,Winzo Rummy,Rummy,winzo rummy,secondary,winzo rummy login,transactional,H2 / spec table / body,NO
winzo-rummy,/games/winzo-rummy.html,Winzo Rummy,Rummy,winzo rummy,long-tail,what is winzo rummy,informational,FAQ question or subsection,NO
winzo-rummy,/games/winzo-rummy.html,Winzo Rummy,Rummy,winzo rummy,long-tail,how to play winzo rummy,informational,FAQ question or subsection,NO
winzo-rummy,/games/winzo-rummy.html,Winzo Rummy,Rummy,winzo rummy,long-tail,winzo rummy how to download,informational,FAQ question or subsection,NO
winzo-rummy,/games/winzo-rummy.html,Winzo Rummy,Rummy,winzo rummy,long-tail,is winzo rummy safe,informational,FAQ question or subsection,NO
winzo-rummy,/games/winzo-rummy.html,Winzo Rummy,Rummy,winzo rummy,long-tail,winzo rummy app details,informational,FAQ question or subsection,NO
winzo-rummy,/games/winzo-rummy.html,Winzo Rummy,Rummy,winzo rummy,long-tail,winzo rummy supported devices,informational,FAQ question or subsection,NO
winzo-rummy,/games/winzo-rummy.html,Winzo Rummy,Rummy,winzo rummy,long-tail,winzo rummy beginner guide,informational,FAQ question or subsection,NO
winzo-rummy,/games/winzo-rummy.html,Winzo Rummy,Rummy,winzo rummy,long-tail,winzo rummy game guide,informational,FAQ question or subsection,NO
winzo-rummy,/games/winzo-rummy.html,Winzo Rummy,Rummy,winzo rummy,modifier,winzo rummy rummy,commercial,body / category hub,NO
winzo-rummy,/games/winzo-rummy.html,Winzo Rummy,Rummy,winzo rummy,modifier,best rummy yono app,commercial,body / category hub,NO
yn-rummy,/games/yn-rummy.html,YN Rummy,Rummy,yn rummy,primary,yn rummy,navigational,H1 + title + intro,NO
yn-rummy,/games/yn-rummy.html,YN Rummy,Rummy,yn rummy,secondary,yn rummy app,navigational,H2 / spec table / body,NO
yn-rummy,/games/yn-rummy.html,YN Rummy,Rummy,yn rummy,secondary,yn rummy game,navigational,H2 / spec table / body,NO
yn-rummy,/games/yn-rummy.html,YN Rummy,Rummy,yn rummy,secondary,yn rummy download,transactional,H2 / spec table / body,NO
yn-rummy,/games/yn-rummy.html,YN Rummy,Rummy,yn rummy,secondary,yn rummy apk,transactional,H2 / spec table / body,NO
yn-rummy,/games/yn-rummy.html,YN Rummy,Rummy,yn rummy,secondary,yn rummy online,navigational,H2 / spec table / body,NO
yn-rummy,/games/yn-rummy.html,YN Rummy,Rummy,yn rummy,secondary,yn rummy android,navigational,H2 / spec table / body,NO
yn-rummy,/games/yn-rummy.html,YN Rummy,Rummy,yn rummy,secondary,yn rummy latest version,navigational,H2 / spec table / body,NO
yn-rummy,/games/yn-rummy.html,YN Rummy,Rummy,yn rummy,secondary,yn rummy login,transactional,H2 / spec table / body,NO
yn-rummy,/games/yn-rummy.html,YN Rummy,Rummy,yn rummy,long-tail,what is yn rummy,informational,FAQ question or subsection,NO
yn-rummy,/games/yn-rummy.html,YN Rummy,Rummy,yn rummy,long-tail,how to play yn rummy,informational,FAQ question or subsection,NO
yn-rummy,/games/yn-rummy.html,YN Rummy,Rummy,yn rummy,long-tail,yn rummy how to download,informational,FAQ question or subsection,NO
yn-rummy,/games/yn-rummy.html,YN Rummy,Rummy,yn rummy,long-tail,is yn rummy safe,informational,FAQ question or subsection,NO
yn-rummy,/games/yn-rummy.html,YN Rummy,Rummy,yn rummy,long-tail,yn rummy app details,informational,FAQ question or subsection,NO
yn-rummy,/games/yn-rummy.html,YN Rummy,Rummy,yn rummy,long-tail,yn rummy supported devices,informational,FAQ question or subsection,NO
yn-rummy,/games/yn-rummy.html,YN Rummy,Rummy,yn rummy,long-tail,yn rummy beginner guide,informational,FAQ question or subsection,NO
yn-rummy,/games/yn-rummy.html,YN Rummy,Rummy,yn rummy,long-tail,yn rummy game guide,informational,FAQ question or subsection,NO
yn-rummy,/games/yn-rummy.html,YN Rummy,Rummy,yn rummy,modifier,yn rummy rummy,commercial,body / category hub,NO
yn-rummy,/games/yn-rummy.html,YN Rummy,Rummy,yn rummy,modifier,best rummy yono app,commercial,body / category hub,NO
yono-rummy,/games/yono-rummy.html,Yono Rummy,Rummy,yono rummy,primary,yono rummy,navigational,H1 + title + intro,NO
yono-rummy,/games/yono-rummy.html,Yono Rummy,Rummy,yono rummy,secondary,yono rummy app,navigational,H2 / spec table / body,NO
yono-rummy,/games/yono-rummy.html,Yono Rummy,Rummy,yono rummy,secondary,yono rummy game,navigational,H2 / spec table / body,NO
yono-rummy,/games/yono-rummy.html,Yono Rummy,Rummy,yono rummy,secondary,yono rummy download,transactional,H2 / spec table / body,NO
yono-rummy,/games/yono-rummy.html,Yono Rummy,Rummy,yono rummy,secondary,yono rummy apk,transactional,H2 / spec table / body,NO
yono-rummy,/games/yono-rummy.html,Yono Rummy,Rummy,yono rummy,secondary,yono rummy online,navigational,H2 / spec table / body,NO
yono-rummy,/games/yono-rummy.html,Yono Rummy,Rummy,yono rummy,secondary,yono rummy android,navigational,H2 / spec table / body,NO
yono-rummy,/games/yono-rummy.html,Yono Rummy,Rummy,yono rummy,secondary,yono rummy latest version,navigational,H2 / spec table / body,NO
yono-rummy,/games/yono-rummy.html,Yono Rummy,Rummy,yono rummy,secondary,yono rummy login,transactional,H2 / spec table / body,NO
yono-rummy,/games/yono-rummy.html,Yono Rummy,Rummy,yono rummy,long-tail,what is yono rummy,informational,FAQ question or subsection,NO
yono-rummy,/games/yono-rummy.html,Yono Rummy,Rummy,yono rummy,long-tail,how to play yono rummy,informational,FAQ question or subsection,NO
yono-rummy,/games/yono-rummy.html,Yono Rummy,Rummy,yono rummy,long-tail,yono rummy how to download,informational,FAQ question or subsection,NO
yono-rummy,/games/yono-rummy.html,Yono Rummy,Rummy,yono rummy,long-tail,is yono rummy safe,informational,FAQ question or subsection,NO
yono-rummy,/games/yono-rummy.html,Yono Rummy,Rummy,yono rummy,long-tail,yono rummy app details,informational,FAQ question or subsection,NO
yono-rummy,/games/yono-rummy.html,Yono Rummy,Rummy,yono rummy,long-tail,yono rummy supported devices,informational,FAQ question or subsection,NO
yono-rummy,/games/yono-rummy.html,Yono Rummy,Rummy,yono rummy,long-tail,yono rummy beginner guide,informational,FAQ question or subsection,NO
yono-rummy,/games/yono-rummy.html,Yono Rummy,Rummy,yono rummy,long-tail,yono rummy game guide,informational,FAQ question or subsection,NO
yono-rummy,/games/yono-rummy.html,Yono Rummy,Rummy,yono rummy,modifier,yono rummy rummy,commercial,body / category hub,NO
yono-rummy,/games/yono-rummy.html,Yono Rummy,Rummy,yono rummy,modifier,best rummy yono app,commercial,body / category hub,NO
101z,/games/101z.html,101z,Slots & 777,101z,primary,101z,navigational,H1 + title + intro,NO
101z,/games/101z.html,101z,Slots & 777,101z,secondary,101z app,navigational,H2 / spec table / body,NO
101z,/games/101z.html,101z,Slots & 777,101z,secondary,101z game,navigational,H2 / spec table / body,NO
101z,/games/101z.html,101z,Slots & 777,101z,secondary,101z download,transactional,H2 / spec table / body,NO
101z,/games/101z.html,101z,Slots & 777,101z,secondary,101z apk,transactional,H2 / spec table / body,NO
101z,/games/101z.html,101z,Slots & 777,101z,secondary,101z online,navigational,H2 / spec table / body,NO
101z,/games/101z.html,101z,Slots & 777,101z,secondary,101z android,navigational,H2 / spec table / body,NO
101z,/games/101z.html,101z,Slots & 777,101z,secondary,101z latest version,navigational,H2 / spec table / body,NO
101z,/games/101z.html,101z,Slots & 777,101z,secondary,101z login,transactional,H2 / spec table / body,NO
101z,/games/101z.html,101z,Slots & 777,101z,long-tail,what is 101z,informational,FAQ question or subsection,NO
101z,/games/101z.html,101z,Slots & 777,101z,long-tail,how to play 101z,informational,FAQ question or subsection,NO
101z,/games/101z.html,101z,Slots & 777,101z,long-tail,101z how to download,informational,FAQ question or subsection,NO
101z,/games/101z.html,101z,Slots & 777,101z,long-tail,is 101z safe,informational,FAQ question or subsection,NO
101z,/games/101z.html,101z,Slots & 777,101z,long-tail,101z app details,informational,FAQ question or subsection,NO
101z,/games/101z.html,101z,Slots & 777,101z,long-tail,101z supported devices,informational,FAQ question or subsection,NO
101z,/games/101z.html,101z,Slots & 777,101z,long-tail,101z beginner guide,informational,FAQ question or subsection,NO
101z,/games/101z.html,101z,Slots & 777,101z,long-tail,101z game guide,informational,FAQ question or subsection,NO
101z,/games/101z.html,101z,Slots & 777,101z,modifier,101z slots,commercial,body / category hub,NO
101z,/games/101z.html,101z,Slots & 777,101z,modifier,best slots and 777 yono app,commercial,body / category hub,NO
567-slots,/games/567-slots.html,567 Slots,Slots & 777,567 slots,primary,567 slots,navigational,H1 + title + intro,NO
567-slots,/games/567-slots.html,567 Slots,Slots & 777,567 slots,secondary,567 slots app,navigational,H2 / spec table / body,NO
567-slots,/games/567-slots.html,567 Slots,Slots & 777,567 slots,secondary,567 slots game,navigational,H2 / spec table / body,NO
567-slots,/games/567-slots.html,567 Slots,Slots & 777,567 slots,secondary,567 slots download,transactional,H2 / spec table / body,NO
567-slots,/games/567-slots.html,567 Slots,Slots & 777,567 slots,secondary,567 slots apk,transactional,H2 / spec table / body,NO
567-slots,/games/567-slots.html,567 Slots,Slots & 777,567 slots,secondary,567 slots online,navigational,H2 / spec table / body,NO
567-slots,/games/567-slots.html,567 Slots,Slots & 777,567 slots,secondary,567 slots android,navigational,H2 / spec table / body,NO
567-slots,/games/567-slots.html,567 Slots,Slots & 777,567 slots,secondary,567 slots latest version,navigational,H2 / spec table / body,NO
567-slots,/games/567-slots.html,567 Slots,Slots & 777,567 slots,secondary,567 slots login,transactional,H2 / spec table / body,NO
567-slots,/games/567-slots.html,567 Slots,Slots & 777,567 slots,long-tail,what is 567 slots,informational,FAQ question or subsection,NO
567-slots,/games/567-slots.html,567 Slots,Slots & 777,567 slots,long-tail,how to play 567 slots,informational,FAQ question or subsection,NO
567-slots,/games/567-slots.html,567 Slots,Slots & 777,567 slots,long-tail,567 slots how to download,informational,FAQ question or subsection,NO
567-slots,/games/567-slots.html,567 Slots,Slots & 777,567 slots,long-tail,is 567 slots safe,informational,FAQ question or subsection,NO
567-slots,/games/567-slots.html,567 Slots,Slots & 777,567 slots,long-tail,567 slots app details,informational,FAQ question or subsection,NO
567-slots,/games/567-slots.html,567 Slots,Slots & 777,567 slots,long-tail,567 slots supported devices,informational,FAQ question or subsection,NO
567-slots,/games/567-slots.html,567 Slots,Slots & 777,567 slots,long-tail,567 slots beginner guide,informational,FAQ question or subsection,NO
567-slots,/games/567-slots.html,567 Slots,Slots & 777,567 slots,long-tail,567 slots game guide,informational,FAQ question or subsection,NO
567-slots,/games/567-slots.html,567 Slots,Slots & 777,567 slots,modifier,567 slots slots,commercial,body / category hub,NO
567-slots,/games/567-slots.html,567 Slots,Slots & 777,567 slots,modifier,best slots and 777 yono app,commercial,body / category hub,NO
777-game,/games/777-game.html,777 Game,Slots & 777,777 game,primary,777 game,navigational,H1 + title + intro,NO
777-game,/games/777-game.html,777 Game,Slots & 777,777 game,secondary,777 game app,navigational,H2 / spec table / body,NO
777-game,/games/777-game.html,777 Game,Slots & 777,777 game,secondary,777 game game,navigational,H2 / spec table / body,NO
777-game,/games/777-game.html,777 Game,Slots & 777,777 game,secondary,777 game download,transactional,H2 / spec table / body,NO
777-game,/games/777-game.html,777 Game,Slots & 777,777 game,secondary,777 game apk,transactional,H2 / spec table / body,NO
777-game,/games/777-game.html,777 Game,Slots & 777,777 game,secondary,777 game online,navigational,H2 / spec table / body,NO
777-game,/games/777-game.html,777 Game,Slots & 777,777 game,secondary,777 game android,navigational,H2 / spec table / body,NO
777-game,/games/777-game.html,777 Game,Slots & 777,777 game,secondary,777 game latest version,navigational,H2 / spec table / body,NO
777-game,/games/777-game.html,777 Game,Slots & 777,777 game,secondary,777 game login,transactional,H2 / spec table / body,NO
777-game,/games/777-game.html,777 Game,Slots & 777,777 game,long-tail,what is 777 game,informational,FAQ question or subsection,NO
777-game,/games/777-game.html,777 Game,Slots & 777,777 game,long-tail,how to play 777 game,informational,FAQ question or subsection,NO
777-game,/games/777-game.html,777 Game,Slots & 777,777 game,long-tail,777 game how to download,informational,FAQ question or subsection,NO
777-game,/games/777-game.html,777 Game,Slots & 777,777 game,long-tail,is 777 game safe,informational,FAQ question or subsection,NO
777-game,/games/777-game.html,777 Game,Slots & 777,777 game,long-tail,777 game app details,informational,FAQ question or subsection,NO
777-game,/games/777-game.html,777 Game,Slots & 777,777 game,long-tail,777 game supported devices,informational,FAQ question or subsection,NO
777-game,/games/777-game.html,777 Game,Slots & 777,777 game,long-tail,777 game beginner guide,informational,FAQ question or subsection,NO
777-game,/games/777-game.html,777 Game,Slots & 777,777 game,long-tail,777 game game guide,informational,FAQ question or subsection,NO
777-game,/games/777-game.html,777 Game,Slots & 777,777 game,modifier,777 game slots,commercial,body / category hub,NO
777-game,/games/777-game.html,777 Game,Slots & 777,777 game,modifier,best slots and 777 yono app,commercial,body / category hub,NO
789-jackpots,/games/789-jackpots.html,789 Jackpots,Slots & 777,789 jackpots,primary,789 jackpots,navigational,H1 + title + intro,NO
789-jackpots,/games/789-jackpots.html,789 Jackpots,Slots & 777,789 jackpots,secondary,789 jackpots app,navigational,H2 / spec table / body,NO
789-jackpots,/games/789-jackpots.html,789 Jackpots,Slots & 777,789 jackpots,secondary,789 jackpots game,navigational,H2 / spec table / body,NO
789-jackpots,/games/789-jackpots.html,789 Jackpots,Slots & 777,789 jackpots,secondary,789 jackpots download,transactional,H2 / spec table / body,NO
789-jackpots,/games/789-jackpots.html,789 Jackpots,Slots & 777,789 jackpots,secondary,789 jackpots apk,transactional,H2 / spec table / body,NO
789-jackpots,/games/789-jackpots.html,789 Jackpots,Slots & 777,789 jackpots,secondary,789 jackpots online,navigational,H2 / spec table / body,NO
789-jackpots,/games/789-jackpots.html,789 Jackpots,Slots & 777,789 jackpots,secondary,789 jackpots android,navigational,H2 / spec table / body,NO
789-jackpots,/games/789-jackpots.html,789 Jackpots,Slots & 777,789 jackpots,secondary,789 jackpots latest version,navigational,H2 / spec table / body,NO
789-jackpots,/games/789-jackpots.html,789 Jackpots,Slots & 777,789 jackpots,secondary,789 jackpots login,transactional,H2 / spec table / body,NO
789-jackpots,/games/789-jackpots.html,789 Jackpots,Slots & 777,789 jackpots,long-tail,what is 789 jackpots,informational,FAQ question or subsection,NO
789-jackpots,/games/789-jackpots.html,789 Jackpots,Slots & 777,789 jackpots,long-tail,how to play 789 jackpots,informational,FAQ question or subsection,NO
789-jackpots,/games/789-jackpots.html,789 Jackpots,Slots & 777,789 jackpots,long-tail,789 jackpots how to download,informational,FAQ question or subsection,NO
789-jackpots,/games/789-jackpots.html,789 Jackpots,Slots & 777,789 jackpots,long-tail,is 789 jackpots safe,informational,FAQ question or subsection,NO
789-jackpots,/games/789-jackpots.html,789 Jackpots,Slots & 777,789 jackpots,long-tail,789 jackpots app details,informational,FAQ question or subsection,NO
789-jackpots,/games/789-jackpots.html,789 Jackpots,Slots & 777,789 jackpots,long-tail,789 jackpots supported devices,informational,FAQ question or subsection,NO
789-jackpots,/games/789-jackpots.html,789 Jackpots,Slots & 777,789 jackpots,long-tail,789 jackpots beginner guide,informational,FAQ question or subsection,NO
789-jackpots,/games/789-jackpots.html,789 Jackpots,Slots & 777,789 jackpots,long-tail,789 jackpots game guide,informational,FAQ question or subsection,NO
789-jackpots,/games/789-jackpots.html,789 Jackpots,Slots & 777,789 jackpots,modifier,789 jackpots slots,commercial,body / category hub,NO
789-jackpots,/games/789-jackpots.html,789 Jackpots,Slots & 777,789 jackpots,modifier,best slots and 777 yono app,commercial,body / category hub,NO
bet-213-slots,/games/bet-213-slots.html,Bet 213 Slots,Slots & 777,bet 213 slots,primary,bet 213 slots,navigational,H1 + title + intro,NO
bet-213-slots,/games/bet-213-slots.html,Bet 213 Slots,Slots & 777,bet 213 slots,secondary,bet 213 slots app,navigational,H2 / spec table / body,NO
bet-213-slots,/games/bet-213-slots.html,Bet 213 Slots,Slots & 777,bet 213 slots,secondary,bet 213 slots game,navigational,H2 / spec table / body,NO
bet-213-slots,/games/bet-213-slots.html,Bet 213 Slots,Slots & 777,bet 213 slots,secondary,bet 213 slots download,transactional,H2 / spec table / body,NO
bet-213-slots,/games/bet-213-slots.html,Bet 213 Slots,Slots & 777,bet 213 slots,secondary,bet 213 slots apk,transactional,H2 / spec table / body,NO
bet-213-slots,/games/bet-213-slots.html,Bet 213 Slots,Slots & 777,bet 213 slots,secondary,bet 213 slots online,navigational,H2 / spec table / body,NO
bet-213-slots,/games/bet-213-slots.html,Bet 213 Slots,Slots & 777,bet 213 slots,secondary,bet 213 slots android,navigational,H2 / spec table / body,NO
bet-213-slots,/games/bet-213-slots.html,Bet 213 Slots,Slots & 777,bet 213 slots,secondary,bet 213 slots latest version,navigational,H2 / spec table / body,NO
bet-213-slots,/games/bet-213-slots.html,Bet 213 Slots,Slots & 777,bet 213 slots,secondary,bet 213 slots login,transactional,H2 / spec table / body,NO
bet-213-slots,/games/bet-213-slots.html,Bet 213 Slots,Slots & 777,bet 213 slots,long-tail,what is bet 213 slots,informational,FAQ question or subsection,NO
bet-213-slots,/games/bet-213-slots.html,Bet 213 Slots,Slots & 777,bet 213 slots,long-tail,how to play bet 213 slots,informational,FAQ question or subsection,NO
bet-213-slots,/games/bet-213-slots.html,Bet 213 Slots,Slots & 777,bet 213 slots,long-tail,bet 213 slots how to download,informational,FAQ question or subsection,NO
bet-213-slots,/games/bet-213-slots.html,Bet 213 Slots,Slots & 777,bet 213 slots,long-tail,is bet 213 slots safe,informational,FAQ question or subsection,NO
bet-213-slots,/games/bet-213-slots.html,Bet 213 Slots,Slots & 777,bet 213 slots,long-tail,bet 213 slots app details,informational,FAQ question or subsection,NO
bet-213-slots,/games/bet-213-slots.html,Bet 213 Slots,Slots & 777,bet 213 slots,long-tail,bet 213 slots supported devices,informational,FAQ question or subsection,NO
bet-213-slots,/games/bet-213-slots.html,Bet 213 Slots,Slots & 777,bet 213 slots,long-tail,bet 213 slots beginner guide,informational,FAQ question or subsection,NO
bet-213-slots,/games/bet-213-slots.html,Bet 213 Slots,Slots & 777,bet 213 slots,long-tail,bet 213 slots game guide,informational,FAQ question or subsection,NO
bet-213-slots,/games/bet-213-slots.html,Bet 213 Slots,Slots & 777,bet 213 slots,modifier,bet 213 slots slots,commercial,body / category hub,NO
bet-213-slots,/games/bet-213-slots.html,Bet 213 Slots,Slots & 777,bet 213 slots,modifier,best slots and 777 yono app,commercial,body / category hub,NO
diwa-777,/games/diwa-777.html,Diwa 777,Slots & 777,diwa 777,primary,diwa 777,navigational,H1 + title + intro,NO
diwa-777,/games/diwa-777.html,Diwa 777,Slots & 777,diwa 777,secondary,diwa 777 app,navigational,H2 / spec table / body,NO
diwa-777,/games/diwa-777.html,Diwa 777,Slots & 777,diwa 777,secondary,diwa 777 game,navigational,H2 / spec table / body,NO
diwa-777,/games/diwa-777.html,Diwa 777,Slots & 777,diwa 777,secondary,diwa 777 download,transactional,H2 / spec table / body,NO
diwa-777,/games/diwa-777.html,Diwa 777,Slots & 777,diwa 777,secondary,diwa 777 apk,transactional,H2 / spec table / body,NO
diwa-777,/games/diwa-777.html,Diwa 777,Slots & 777,diwa 777,secondary,diwa 777 online,navigational,H2 / spec table / body,NO
diwa-777,/games/diwa-777.html,Diwa 777,Slots & 777,diwa 777,secondary,diwa 777 android,navigational,H2 / spec table / body,NO
diwa-777,/games/diwa-777.html,Diwa 777,Slots & 777,diwa 777,secondary,diwa 777 latest version,navigational,H2 / spec table / body,NO
diwa-777,/games/diwa-777.html,Diwa 777,Slots & 777,diwa 777,secondary,diwa 777 login,transactional,H2 / spec table / body,NO
diwa-777,/games/diwa-777.html,Diwa 777,Slots & 777,diwa 777,long-tail,what is diwa 777,informational,FAQ question or subsection,NO
diwa-777,/games/diwa-777.html,Diwa 777,Slots & 777,diwa 777,long-tail,how to play diwa 777,informational,FAQ question or subsection,NO
diwa-777,/games/diwa-777.html,Diwa 777,Slots & 777,diwa 777,long-tail,diwa 777 how to download,informational,FAQ question or subsection,NO
diwa-777,/games/diwa-777.html,Diwa 777,Slots & 777,diwa 777,long-tail,is diwa 777 safe,informational,FAQ question or subsection,NO
diwa-777,/games/diwa-777.html,Diwa 777,Slots & 777,diwa 777,long-tail,diwa 777 app details,informational,FAQ question or subsection,NO
diwa-777,/games/diwa-777.html,Diwa 777,Slots & 777,diwa 777,long-tail,diwa 777 supported devices,informational,FAQ question or subsection,NO
diwa-777,/games/diwa-777.html,Diwa 777,Slots & 777,diwa 777,long-tail,diwa 777 beginner guide,informational,FAQ question or subsection,NO
diwa-777,/games/diwa-777.html,Diwa 777,Slots & 777,diwa 777,long-tail,diwa 777 game guide,informational,FAQ question or subsection,NO
diwa-777,/games/diwa-777.html,Diwa 777,Slots & 777,diwa 777,modifier,diwa 777 slots,commercial,body / category hub,NO
diwa-777,/games/diwa-777.html,Diwa 777,Slots & 777,diwa 777,modifier,best slots and 777 yono app,commercial,body / category hub,NO
diwa-slots,/games/diwa-slots.html,Diwa Slots,Slots & 777,diwa slots,primary,diwa slots,navigational,H1 + title + intro,NO
diwa-slots,/games/diwa-slots.html,Diwa Slots,Slots & 777,diwa slots,secondary,diwa slots app,navigational,H2 / spec table / body,NO
diwa-slots,/games/diwa-slots.html,Diwa Slots,Slots & 777,diwa slots,secondary,diwa slots game,navigational,H2 / spec table / body,NO
diwa-slots,/games/diwa-slots.html,Diwa Slots,Slots & 777,diwa slots,secondary,diwa slots download,transactional,H2 / spec table / body,NO
diwa-slots,/games/diwa-slots.html,Diwa Slots,Slots & 777,diwa slots,secondary,diwa slots apk,transactional,H2 / spec table / body,NO
diwa-slots,/games/diwa-slots.html,Diwa Slots,Slots & 777,diwa slots,secondary,diwa slots online,navigational,H2 / spec table / body,NO
diwa-slots,/games/diwa-slots.html,Diwa Slots,Slots & 777,diwa slots,secondary,diwa slots android,navigational,H2 / spec table / body,NO
diwa-slots,/games/diwa-slots.html,Diwa Slots,Slots & 777,diwa slots,secondary,diwa slots latest version,navigational,H2 / spec table / body,NO
diwa-slots,/games/diwa-slots.html,Diwa Slots,Slots & 777,diwa slots,secondary,diwa slots login,transactional,H2 / spec table / body,NO
diwa-slots,/games/diwa-slots.html,Diwa Slots,Slots & 777,diwa slots,long-tail,what is diwa slots,informational,FAQ question or subsection,NO
diwa-slots,/games/diwa-slots.html,Diwa Slots,Slots & 777,diwa slots,long-tail,how to play diwa slots,informational,FAQ question or subsection,NO
diwa-slots,/games/diwa-slots.html,Diwa Slots,Slots & 777,diwa slots,long-tail,diwa slots how to download,informational,FAQ question or subsection,NO
diwa-slots,/games/diwa-slots.html,Diwa Slots,Slots & 777,diwa slots,long-tail,is diwa slots safe,informational,FAQ question or subsection,NO
diwa-slots,/games/diwa-slots.html,Diwa Slots,Slots & 777,diwa slots,long-tail,diwa slots app details,informational,FAQ question or subsection,NO
diwa-slots,/games/diwa-slots.html,Diwa Slots,Slots & 777,diwa slots,long-tail,diwa slots supported devices,informational,FAQ question or subsection,NO
diwa-slots,/games/diwa-slots.html,Diwa Slots,Slots & 777,diwa slots,long-tail,diwa slots beginner guide,informational,FAQ question or subsection,NO
diwa-slots,/games/diwa-slots.html,Diwa Slots,Slots & 777,diwa slots,long-tail,diwa slots game guide,informational,FAQ question or subsection,NO
diwa-slots,/games/diwa-slots.html,Diwa Slots,Slots & 777,diwa slots,modifier,diwa slots slots,commercial,body / category hub,NO
diwa-slots,/games/diwa-slots.html,Diwa Slots,Slots & 777,diwa slots,modifier,best slots and 777 yono app,commercial,body / category hub,NO
ever-777,/games/ever-777.html,Ever 777,Slots & 777,ever 777,primary,ever 777,navigational,H1 + title + intro,NO
ever-777,/games/ever-777.html,Ever 777,Slots & 777,ever 777,secondary,ever 777 app,navigational,H2 / spec table / body,NO
ever-777,/games/ever-777.html,Ever 777,Slots & 777,ever 777,secondary,ever 777 game,navigational,H2 / spec table / body,NO
ever-777,/games/ever-777.html,Ever 777,Slots & 777,ever 777,secondary,ever 777 download,transactional,H2 / spec table / body,NO
ever-777,/games/ever-777.html,Ever 777,Slots & 777,ever 777,secondary,ever 777 apk,transactional,H2 / spec table / body,NO
ever-777,/games/ever-777.html,Ever 777,Slots & 777,ever 777,secondary,ever 777 online,navigational,H2 / spec table / body,NO
ever-777,/games/ever-777.html,Ever 777,Slots & 777,ever 777,secondary,ever 777 android,navigational,H2 / spec table / body,NO
ever-777,/games/ever-777.html,Ever 777,Slots & 777,ever 777,secondary,ever 777 latest version,navigational,H2 / spec table / body,NO
ever-777,/games/ever-777.html,Ever 777,Slots & 777,ever 777,secondary,ever 777 login,transactional,H2 / spec table / body,NO
ever-777,/games/ever-777.html,Ever 777,Slots & 777,ever 777,long-tail,what is ever 777,informational,FAQ question or subsection,NO
ever-777,/games/ever-777.html,Ever 777,Slots & 777,ever 777,long-tail,how to play ever 777,informational,FAQ question or subsection,NO
ever-777,/games/ever-777.html,Ever 777,Slots & 777,ever 777,long-tail,ever 777 how to download,informational,FAQ question or subsection,NO
ever-777,/games/ever-777.html,Ever 777,Slots & 777,ever 777,long-tail,is ever 777 safe,informational,FAQ question or subsection,NO
ever-777,/games/ever-777.html,Ever 777,Slots & 777,ever 777,long-tail,ever 777 app details,informational,FAQ question or subsection,NO
ever-777,/games/ever-777.html,Ever 777,Slots & 777,ever 777,long-tail,ever 777 supported devices,informational,FAQ question or subsection,NO
ever-777,/games/ever-777.html,Ever 777,Slots & 777,ever 777,long-tail,ever 777 beginner guide,informational,FAQ question or subsection,NO
ever-777,/games/ever-777.html,Ever 777,Slots & 777,ever 777,long-tail,ever 777 game guide,informational,FAQ question or subsection,NO
ever-777,/games/ever-777.html,Ever 777,Slots & 777,ever 777,modifier,ever 777 slots,commercial,body / category hub,NO
ever-777,/games/ever-777.html,Ever 777,Slots & 777,ever 777,modifier,best slots and 777 yono app,commercial,body / category hub,NO
goa-spin,/games/goa-spin.html,Goa Spin,Slots & 777,goa spin,primary,goa spin,navigational,H1 + title + intro,NO
goa-spin,/games/goa-spin.html,Goa Spin,Slots & 777,goa spin,secondary,goa spin app,navigational,H2 / spec table / body,NO
goa-spin,/games/goa-spin.html,Goa Spin,Slots & 777,goa spin,secondary,goa spin game,navigational,H2 / spec table / body,NO
goa-spin,/games/goa-spin.html,Goa Spin,Slots & 777,goa spin,secondary,goa spin download,transactional,H2 / spec table / body,NO
goa-spin,/games/goa-spin.html,Goa Spin,Slots & 777,goa spin,secondary,goa spin apk,transactional,H2 / spec table / body,NO
goa-spin,/games/goa-spin.html,Goa Spin,Slots & 777,goa spin,secondary,goa spin online,navigational,H2 / spec table / body,NO
goa-spin,/games/goa-spin.html,Goa Spin,Slots & 777,goa spin,secondary,goa spin android,navigational,H2 / spec table / body,NO
goa-spin,/games/goa-spin.html,Goa Spin,Slots & 777,goa spin,secondary,goa spin latest version,navigational,H2 / spec table / body,NO
goa-spin,/games/goa-spin.html,Goa Spin,Slots & 777,goa spin,secondary,goa spin login,transactional,H2 / spec table / body,NO
goa-spin,/games/goa-spin.html,Goa Spin,Slots & 777,goa spin,long-tail,what is goa spin,informational,FAQ question or subsection,NO
goa-spin,/games/goa-spin.html,Goa Spin,Slots & 777,goa spin,long-tail,how to play goa spin,informational,FAQ question or subsection,NO
goa-spin,/games/goa-spin.html,Goa Spin,Slots & 777,goa spin,long-tail,goa spin how to download,informational,FAQ question or subsection,NO
goa-spin,/games/goa-spin.html,Goa Spin,Slots & 777,goa spin,long-tail,is goa spin safe,informational,FAQ question or subsection,NO
goa-spin,/games/goa-spin.html,Goa Spin,Slots & 777,goa spin,long-tail,goa spin app details,informational,FAQ question or subsection,NO
goa-spin,/games/goa-spin.html,Goa Spin,Slots & 777,goa spin,long-tail,goa spin supported devices,informational,FAQ question or subsection,NO
goa-spin,/games/goa-spin.html,Goa Spin,Slots & 777,goa spin,long-tail,goa spin beginner guide,informational,FAQ question or subsection,NO
goa-spin,/games/goa-spin.html,Goa Spin,Slots & 777,goa spin,long-tail,goa spin game guide,informational,FAQ question or subsection,NO
goa-spin,/games/goa-spin.html,Goa Spin,Slots & 777,goa spin,modifier,goa spin slots,commercial,body / category hub,NO
goa-spin,/games/goa-spin.html,Goa Spin,Slots & 777,goa spin,modifier,best slots and 777 yono app,commercial,body / category hub,NO
good-slots,/games/good-slots.html,Good Slots,Slots & 777,good slots,primary,good slots,navigational,H1 + title + intro,NO
good-slots,/games/good-slots.html,Good Slots,Slots & 777,good slots,secondary,good slots app,navigational,H2 / spec table / body,NO
good-slots,/games/good-slots.html,Good Slots,Slots & 777,good slots,secondary,good slots game,navigational,H2 / spec table / body,NO
good-slots,/games/good-slots.html,Good Slots,Slots & 777,good slots,secondary,good slots download,transactional,H2 / spec table / body,NO
good-slots,/games/good-slots.html,Good Slots,Slots & 777,good slots,secondary,good slots apk,transactional,H2 / spec table / body,NO
good-slots,/games/good-slots.html,Good Slots,Slots & 777,good slots,secondary,good slots online,navigational,H2 / spec table / body,NO
good-slots,/games/good-slots.html,Good Slots,Slots & 777,good slots,secondary,good slots android,navigational,H2 / spec table / body,NO
good-slots,/games/good-slots.html,Good Slots,Slots & 777,good slots,secondary,good slots latest version,navigational,H2 / spec table / body,NO
good-slots,/games/good-slots.html,Good Slots,Slots & 777,good slots,secondary,good slots login,transactional,H2 / spec table / body,NO
good-slots,/games/good-slots.html,Good Slots,Slots & 777,good slots,long-tail,what is good slots,informational,FAQ question or subsection,NO
good-slots,/games/good-slots.html,Good Slots,Slots & 777,good slots,long-tail,how to play good slots,informational,FAQ question or subsection,NO
good-slots,/games/good-slots.html,Good Slots,Slots & 777,good slots,long-tail,good slots how to download,informational,FAQ question or subsection,NO
good-slots,/games/good-slots.html,Good Slots,Slots & 777,good slots,long-tail,is good slots safe,informational,FAQ question or subsection,NO
good-slots,/games/good-slots.html,Good Slots,Slots & 777,good slots,long-tail,good slots app details,informational,FAQ question or subsection,NO
good-slots,/games/good-slots.html,Good Slots,Slots & 777,good slots,long-tail,good slots supported devices,informational,FAQ question or subsection,NO
good-slots,/games/good-slots.html,Good Slots,Slots & 777,good slots,long-tail,good slots beginner guide,informational,FAQ question or subsection,NO
good-slots,/games/good-slots.html,Good Slots,Slots & 777,good slots,long-tail,good slots game guide,informational,FAQ question or subsection,NO
good-slots,/games/good-slots.html,Good Slots,Slots & 777,good slots,modifier,good slots slots,commercial,body / category hub,NO
good-slots,/games/good-slots.html,Good Slots,Slots & 777,good slots,modifier,best slots and 777 yono app,commercial,body / category hub,NO
hindi-777,/games/hindi-777.html,Hindi 777,Slots & 777,hindi 777,primary,hindi 777,navigational,H1 + title + intro,NO
hindi-777,/games/hindi-777.html,Hindi 777,Slots & 777,hindi 777,secondary,hindi 777 app,navigational,H2 / spec table / body,NO
hindi-777,/games/hindi-777.html,Hindi 777,Slots & 777,hindi 777,secondary,hindi 777 game,navigational,H2 / spec table / body,NO
hindi-777,/games/hindi-777.html,Hindi 777,Slots & 777,hindi 777,secondary,hindi 777 download,transactional,H2 / spec table / body,NO
hindi-777,/games/hindi-777.html,Hindi 777,Slots & 777,hindi 777,secondary,hindi 777 apk,transactional,H2 / spec table / body,NO
hindi-777,/games/hindi-777.html,Hindi 777,Slots & 777,hindi 777,secondary,hindi 777 online,navigational,H2 / spec table / body,NO
hindi-777,/games/hindi-777.html,Hindi 777,Slots & 777,hindi 777,secondary,hindi 777 android,navigational,H2 / spec table / body,NO
hindi-777,/games/hindi-777.html,Hindi 777,Slots & 777,hindi 777,secondary,hindi 777 latest version,navigational,H2 / spec table / body,NO
hindi-777,/games/hindi-777.html,Hindi 777,Slots & 777,hindi 777,secondary,hindi 777 login,transactional,H2 / spec table / body,NO
hindi-777,/games/hindi-777.html,Hindi 777,Slots & 777,hindi 777,long-tail,what is hindi 777,informational,FAQ question or subsection,NO
hindi-777,/games/hindi-777.html,Hindi 777,Slots & 777,hindi 777,long-tail,how to play hindi 777,informational,FAQ question or subsection,NO
hindi-777,/games/hindi-777.html,Hindi 777,Slots & 777,hindi 777,long-tail,hindi 777 how to download,informational,FAQ question or subsection,NO
hindi-777,/games/hindi-777.html,Hindi 777,Slots & 777,hindi 777,long-tail,is hindi 777 safe,informational,FAQ question or subsection,NO
hindi-777,/games/hindi-777.html,Hindi 777,Slots & 777,hindi 777,long-tail,hindi 777 app details,informational,FAQ question or subsection,NO
hindi-777,/games/hindi-777.html,Hindi 777,Slots & 777,hindi 777,long-tail,hindi 777 supported devices,informational,FAQ question or subsection,NO
hindi-777,/games/hindi-777.html,Hindi 777,Slots & 777,hindi 777,long-tail,hindi 777 beginner guide,informational,FAQ question or subsection,NO
hindi-777,/games/hindi-777.html,Hindi 777,Slots & 777,hindi 777,long-tail,hindi 777 game guide,informational,FAQ question or subsection,NO
hindi-777,/games/hindi-777.html,Hindi 777,Slots & 777,hindi 777,modifier,hindi 777 slots,commercial,body / category hub,NO
hindi-777,/games/hindi-777.html,Hindi 777,Slots & 777,hindi 777,modifier,best slots and 777 yono app,commercial,body / category hub,NO
ind-slots,/games/ind-slots.html,Ind Slots,Slots & 777,ind slots,primary,ind slots,navigational,H1 + title + intro,NO
ind-slots,/games/ind-slots.html,Ind Slots,Slots & 777,ind slots,secondary,ind slots app,navigational,H2 / spec table / body,NO
ind-slots,/games/ind-slots.html,Ind Slots,Slots & 777,ind slots,secondary,ind slots game,navigational,H2 / spec table / body,NO
ind-slots,/games/ind-slots.html,Ind Slots,Slots & 777,ind slots,secondary,ind slots download,transactional,H2 / spec table / body,NO
ind-slots,/games/ind-slots.html,Ind Slots,Slots & 777,ind slots,secondary,ind slots apk,transactional,H2 / spec table / body,NO
ind-slots,/games/ind-slots.html,Ind Slots,Slots & 777,ind slots,secondary,ind slots online,navigational,H2 / spec table / body,NO
ind-slots,/games/ind-slots.html,Ind Slots,Slots & 777,ind slots,secondary,ind slots android,navigational,H2 / spec table / body,NO
ind-slots,/games/ind-slots.html,Ind Slots,Slots & 777,ind slots,secondary,ind slots latest version,navigational,H2 / spec table / body,NO
ind-slots,/games/ind-slots.html,Ind Slots,Slots & 777,ind slots,secondary,ind slots login,transactional,H2 / spec table / body,NO
ind-slots,/games/ind-slots.html,Ind Slots,Slots & 777,ind slots,long-tail,what is ind slots,informational,FAQ question or subsection,NO
ind-slots,/games/ind-slots.html,Ind Slots,Slots & 777,ind slots,long-tail,how to play ind slots,informational,FAQ question or subsection,NO
ind-slots,/games/ind-slots.html,Ind Slots,Slots & 777,ind slots,long-tail,ind slots how to download,informational,FAQ question or subsection,NO
ind-slots,/games/ind-slots.html,Ind Slots,Slots & 777,ind slots,long-tail,is ind slots safe,informational,FAQ question or subsection,NO
ind-slots,/games/ind-slots.html,Ind Slots,Slots & 777,ind slots,long-tail,ind slots app details,informational,FAQ question or subsection,NO
ind-slots,/games/ind-slots.html,Ind Slots,Slots & 777,ind slots,long-tail,ind slots supported devices,informational,FAQ question or subsection,NO
ind-slots,/games/ind-slots.html,Ind Slots,Slots & 777,ind slots,long-tail,ind slots beginner guide,informational,FAQ question or subsection,NO
ind-slots,/games/ind-slots.html,Ind Slots,Slots & 777,ind slots,long-tail,ind slots game guide,informational,FAQ question or subsection,NO
ind-slots,/games/ind-slots.html,Ind Slots,Slots & 777,ind slots,modifier,ind slots slots,commercial,body / category hub,NO
ind-slots,/games/ind-slots.html,Ind Slots,Slots & 777,ind slots,modifier,best slots and 777 yono app,commercial,body / category hub,NO
inr-slots,/games/inr-slots.html,INR Slots,Slots & 777,inr slots,primary,inr slots,navigational,H1 + title + intro,NO
inr-slots,/games/inr-slots.html,INR Slots,Slots & 777,inr slots,secondary,inr slots app,navigational,H2 / spec table / body,NO
inr-slots,/games/inr-slots.html,INR Slots,Slots & 777,inr slots,secondary,inr slots game,navigational,H2 / spec table / body,NO
inr-slots,/games/inr-slots.html,INR Slots,Slots & 777,inr slots,secondary,inr slots download,transactional,H2 / spec table / body,NO
inr-slots,/games/inr-slots.html,INR Slots,Slots & 777,inr slots,secondary,inr slots apk,transactional,H2 / spec table / body,NO
inr-slots,/games/inr-slots.html,INR Slots,Slots & 777,inr slots,secondary,inr slots online,navigational,H2 / spec table / body,NO
inr-slots,/games/inr-slots.html,INR Slots,Slots & 777,inr slots,secondary,inr slots android,navigational,H2 / spec table / body,NO
inr-slots,/games/inr-slots.html,INR Slots,Slots & 777,inr slots,secondary,inr slots latest version,navigational,H2 / spec table / body,NO
inr-slots,/games/inr-slots.html,INR Slots,Slots & 777,inr slots,secondary,inr slots login,transactional,H2 / spec table / body,NO
inr-slots,/games/inr-slots.html,INR Slots,Slots & 777,inr slots,long-tail,what is inr slots,informational,FAQ question or subsection,NO
inr-slots,/games/inr-slots.html,INR Slots,Slots & 777,inr slots,long-tail,how to play inr slots,informational,FAQ question or subsection,NO
inr-slots,/games/inr-slots.html,INR Slots,Slots & 777,inr slots,long-tail,inr slots how to download,informational,FAQ question or subsection,NO
inr-slots,/games/inr-slots.html,INR Slots,Slots & 777,inr slots,long-tail,is inr slots safe,informational,FAQ question or subsection,NO
inr-slots,/games/inr-slots.html,INR Slots,Slots & 777,inr slots,long-tail,inr slots app details,informational,FAQ question or subsection,NO
inr-slots,/games/inr-slots.html,INR Slots,Slots & 777,inr slots,long-tail,inr slots supported devices,informational,FAQ question or subsection,NO
inr-slots,/games/inr-slots.html,INR Slots,Slots & 777,inr slots,long-tail,inr slots beginner guide,informational,FAQ question or subsection,NO
inr-slots,/games/inr-slots.html,INR Slots,Slots & 777,inr slots,long-tail,inr slots game guide,informational,FAQ question or subsection,NO
inr-slots,/games/inr-slots.html,INR Slots,Slots & 777,inr slots,modifier,inr slots slots,commercial,body / category hub,NO
inr-slots,/games/inr-slots.html,INR Slots,Slots & 777,inr slots,modifier,best slots and 777 yono app,commercial,body / category hub,NO
jaiho-777,/games/jaiho-777.html,JaiHo 777,Slots & 777,jaiho 777,primary,jaiho 777,navigational,H1 + title + intro,NO
jaiho-777,/games/jaiho-777.html,JaiHo 777,Slots & 777,jaiho 777,secondary,jaiho 777 app,navigational,H2 / spec table / body,NO
jaiho-777,/games/jaiho-777.html,JaiHo 777,Slots & 777,jaiho 777,secondary,jaiho 777 game,navigational,H2 / spec table / body,NO
jaiho-777,/games/jaiho-777.html,JaiHo 777,Slots & 777,jaiho 777,secondary,jaiho 777 download,transactional,H2 / spec table / body,NO
jaiho-777,/games/jaiho-777.html,JaiHo 777,Slots & 777,jaiho 777,secondary,jaiho 777 apk,transactional,H2 / spec table / body,NO
jaiho-777,/games/jaiho-777.html,JaiHo 777,Slots & 777,jaiho 777,secondary,jaiho 777 online,navigational,H2 / spec table / body,NO
jaiho-777,/games/jaiho-777.html,JaiHo 777,Slots & 777,jaiho 777,secondary,jaiho 777 android,navigational,H2 / spec table / body,NO
jaiho-777,/games/jaiho-777.html,JaiHo 777,Slots & 777,jaiho 777,secondary,jaiho 777 latest version,navigational,H2 / spec table / body,NO
jaiho-777,/games/jaiho-777.html,JaiHo 777,Slots & 777,jaiho 777,secondary,jaiho 777 login,transactional,H2 / spec table / body,NO
jaiho-777,/games/jaiho-777.html,JaiHo 777,Slots & 777,jaiho 777,long-tail,what is jaiho 777,informational,FAQ question or subsection,NO
jaiho-777,/games/jaiho-777.html,JaiHo 777,Slots & 777,jaiho 777,long-tail,how to play jaiho 777,informational,FAQ question or subsection,NO
jaiho-777,/games/jaiho-777.html,JaiHo 777,Slots & 777,jaiho 777,long-tail,jaiho 777 how to download,informational,FAQ question or subsection,NO
jaiho-777,/games/jaiho-777.html,JaiHo 777,Slots & 777,jaiho 777,long-tail,is jaiho 777 safe,informational,FAQ question or subsection,NO
jaiho-777,/games/jaiho-777.html,JaiHo 777,Slots & 777,jaiho 777,long-tail,jaiho 777 app details,informational,FAQ question or subsection,NO
jaiho-777,/games/jaiho-777.html,JaiHo 777,Slots & 777,jaiho 777,long-tail,jaiho 777 supported devices,informational,FAQ question or subsection,NO
jaiho-777,/games/jaiho-777.html,JaiHo 777,Slots & 777,jaiho 777,long-tail,jaiho 777 beginner guide,informational,FAQ question or subsection,NO
jaiho-777,/games/jaiho-777.html,JaiHo 777,Slots & 777,jaiho 777,long-tail,jaiho 777 game guide,informational,FAQ question or subsection,NO
jaiho-777,/games/jaiho-777.html,JaiHo 777,Slots & 777,jaiho 777,modifier,jaiho 777 slots,commercial,body / category hub,NO
jaiho-777,/games/jaiho-777.html,JaiHo 777,Slots & 777,jaiho 777,modifier,best slots and 777 yono app,commercial,body / category hub,NO
jaiho-91,/games/jaiho-91.html,JaiHo 91,Slots & 777,jaiho 91,primary,jaiho 91,navigational,H1 + title + intro,NO
jaiho-91,/games/jaiho-91.html,JaiHo 91,Slots & 777,jaiho 91,secondary,jaiho 91 app,navigational,H2 / spec table / body,NO
jaiho-91,/games/jaiho-91.html,JaiHo 91,Slots & 777,jaiho 91,secondary,jaiho 91 game,navigational,H2 / spec table / body,NO
jaiho-91,/games/jaiho-91.html,JaiHo 91,Slots & 777,jaiho 91,secondary,jaiho 91 download,transactional,H2 / spec table / body,NO
jaiho-91,/games/jaiho-91.html,JaiHo 91,Slots & 777,jaiho 91,secondary,jaiho 91 apk,transactional,H2 / spec table / body,NO
jaiho-91,/games/jaiho-91.html,JaiHo 91,Slots & 777,jaiho 91,secondary,jaiho 91 online,navigational,H2 / spec table / body,NO
jaiho-91,/games/jaiho-91.html,JaiHo 91,Slots & 777,jaiho 91,secondary,jaiho 91 android,navigational,H2 / spec table / body,NO
jaiho-91,/games/jaiho-91.html,JaiHo 91,Slots & 777,jaiho 91,secondary,jaiho 91 latest version,navigational,H2 / spec table / body,NO
jaiho-91,/games/jaiho-91.html,JaiHo 91,Slots & 777,jaiho 91,secondary,jaiho 91 login,transactional,H2 / spec table / body,NO
jaiho-91,/games/jaiho-91.html,JaiHo 91,Slots & 777,jaiho 91,long-tail,what is jaiho 91,informational,FAQ question or subsection,NO
jaiho-91,/games/jaiho-91.html,JaiHo 91,Slots & 777,jaiho 91,long-tail,how to play jaiho 91,informational,FAQ question or subsection,NO
jaiho-91,/games/jaiho-91.html,JaiHo 91,Slots & 777,jaiho 91,long-tail,jaiho 91 how to download,informational,FAQ question or subsection,NO
jaiho-91,/games/jaiho-91.html,JaiHo 91,Slots & 777,jaiho 91,long-tail,is jaiho 91 safe,informational,FAQ question or subsection,NO
jaiho-91,/games/jaiho-91.html,JaiHo 91,Slots & 777,jaiho 91,long-tail,jaiho 91 app details,informational,FAQ question or subsection,NO
jaiho-91,/games/jaiho-91.html,JaiHo 91,Slots & 777,jaiho 91,long-tail,jaiho 91 supported devices,informational,FAQ question or subsection,NO
jaiho-91,/games/jaiho-91.html,JaiHo 91,Slots & 777,jaiho 91,long-tail,jaiho 91 beginner guide,informational,FAQ question or subsection,NO
jaiho-91,/games/jaiho-91.html,JaiHo 91,Slots & 777,jaiho 91,long-tail,jaiho 91 game guide,informational,FAQ question or subsection,NO
jaiho-91,/games/jaiho-91.html,JaiHo 91,Slots & 777,jaiho 91,modifier,jaiho 91 slots,commercial,body / category hub,NO
jaiho-91,/games/jaiho-91.html,JaiHo 91,Slots & 777,jaiho 91,modifier,best slots and 777 yono app,commercial,body / category hub,NO
jaiho-slots,/games/jaiho-slots.html,JaiHo Slots,Slots & 777,jaiho slots,primary,jaiho slots,navigational,H1 + title + intro,NO
jaiho-slots,/games/jaiho-slots.html,JaiHo Slots,Slots & 777,jaiho slots,secondary,jaiho slots app,navigational,H2 / spec table / body,NO
jaiho-slots,/games/jaiho-slots.html,JaiHo Slots,Slots & 777,jaiho slots,secondary,jaiho slots game,navigational,H2 / spec table / body,NO
jaiho-slots,/games/jaiho-slots.html,JaiHo Slots,Slots & 777,jaiho slots,secondary,jaiho slots download,transactional,H2 / spec table / body,NO
jaiho-slots,/games/jaiho-slots.html,JaiHo Slots,Slots & 777,jaiho slots,secondary,jaiho slots apk,transactional,H2 / spec table / body,NO
jaiho-slots,/games/jaiho-slots.html,JaiHo Slots,Slots & 777,jaiho slots,secondary,jaiho slots online,navigational,H2 / spec table / body,NO
jaiho-slots,/games/jaiho-slots.html,JaiHo Slots,Slots & 777,jaiho slots,secondary,jaiho slots android,navigational,H2 / spec table / body,NO
jaiho-slots,/games/jaiho-slots.html,JaiHo Slots,Slots & 777,jaiho slots,secondary,jaiho slots latest version,navigational,H2 / spec table / body,NO
jaiho-slots,/games/jaiho-slots.html,JaiHo Slots,Slots & 777,jaiho slots,secondary,jaiho slots login,transactional,H2 / spec table / body,NO
jaiho-slots,/games/jaiho-slots.html,JaiHo Slots,Slots & 777,jaiho slots,long-tail,what is jaiho slots,informational,FAQ question or subsection,NO
jaiho-slots,/games/jaiho-slots.html,JaiHo Slots,Slots & 777,jaiho slots,long-tail,how to play jaiho slots,informational,FAQ question or subsection,NO
jaiho-slots,/games/jaiho-slots.html,JaiHo Slots,Slots & 777,jaiho slots,long-tail,jaiho slots how to download,informational,FAQ question or subsection,NO
jaiho-slots,/games/jaiho-slots.html,JaiHo Slots,Slots & 777,jaiho slots,long-tail,is jaiho slots safe,informational,FAQ question or subsection,NO
jaiho-slots,/games/jaiho-slots.html,JaiHo Slots,Slots & 777,jaiho slots,long-tail,jaiho slots app details,informational,FAQ question or subsection,NO
jaiho-slots,/games/jaiho-slots.html,JaiHo Slots,Slots & 777,jaiho slots,long-tail,jaiho slots supported devices,informational,FAQ question or subsection,NO
jaiho-slots,/games/jaiho-slots.html,JaiHo Slots,Slots & 777,jaiho slots,long-tail,jaiho slots beginner guide,informational,FAQ question or subsection,NO
jaiho-slots,/games/jaiho-slots.html,JaiHo Slots,Slots & 777,jaiho slots,long-tail,jaiho slots game guide,informational,FAQ question or subsection,NO
jaiho-slots,/games/jaiho-slots.html,JaiHo Slots,Slots & 777,jaiho slots,modifier,jaiho slots slots,commercial,body / category hub,NO
jaiho-slots,/games/jaiho-slots.html,JaiHo Slots,Slots & 777,jaiho slots,modifier,best slots and 777 yono app,commercial,body / category hub,NO
jaiho-spin,/games/jaiho-spin.html,JaiHo Spin,Slots & 777,jaiho spin,primary,jaiho spin,navigational,H1 + title + intro,NO
jaiho-spin,/games/jaiho-spin.html,JaiHo Spin,Slots & 777,jaiho spin,secondary,jaiho spin app,navigational,H2 / spec table / body,NO
jaiho-spin,/games/jaiho-spin.html,JaiHo Spin,Slots & 777,jaiho spin,secondary,jaiho spin game,navigational,H2 / spec table / body,NO
jaiho-spin,/games/jaiho-spin.html,JaiHo Spin,Slots & 777,jaiho spin,secondary,jaiho spin download,transactional,H2 / spec table / body,NO
jaiho-spin,/games/jaiho-spin.html,JaiHo Spin,Slots & 777,jaiho spin,secondary,jaiho spin apk,transactional,H2 / spec table / body,NO
jaiho-spin,/games/jaiho-spin.html,JaiHo Spin,Slots & 777,jaiho spin,secondary,jaiho spin online,navigational,H2 / spec table / body,NO
jaiho-spin,/games/jaiho-spin.html,JaiHo Spin,Slots & 777,jaiho spin,secondary,jaiho spin android,navigational,H2 / spec table / body,NO
jaiho-spin,/games/jaiho-spin.html,JaiHo Spin,Slots & 777,jaiho spin,secondary,jaiho spin latest version,navigational,H2 / spec table / body,NO
jaiho-spin,/games/jaiho-spin.html,JaiHo Spin,Slots & 777,jaiho spin,secondary,jaiho spin login,transactional,H2 / spec table / body,NO
jaiho-spin,/games/jaiho-spin.html,JaiHo Spin,Slots & 777,jaiho spin,long-tail,what is jaiho spin,informational,FAQ question or subsection,NO
jaiho-spin,/games/jaiho-spin.html,JaiHo Spin,Slots & 777,jaiho spin,long-tail,how to play jaiho spin,informational,FAQ question or subsection,NO
jaiho-spin,/games/jaiho-spin.html,JaiHo Spin,Slots & 777,jaiho spin,long-tail,jaiho spin how to download,informational,FAQ question or subsection,NO
jaiho-spin,/games/jaiho-spin.html,JaiHo Spin,Slots & 777,jaiho spin,long-tail,is jaiho spin safe,informational,FAQ question or subsection,NO
jaiho-spin,/games/jaiho-spin.html,JaiHo Spin,Slots & 777,jaiho spin,long-tail,jaiho spin app details,informational,FAQ question or subsection,NO
jaiho-spin,/games/jaiho-spin.html,JaiHo Spin,Slots & 777,jaiho spin,long-tail,jaiho spin supported devices,informational,FAQ question or subsection,NO
jaiho-spin,/games/jaiho-spin.html,JaiHo Spin,Slots & 777,jaiho spin,long-tail,jaiho spin beginner guide,informational,FAQ question or subsection,NO
jaiho-spin,/games/jaiho-spin.html,JaiHo Spin,Slots & 777,jaiho spin,long-tail,jaiho spin game guide,informational,FAQ question or subsection,NO
jaiho-spin,/games/jaiho-spin.html,JaiHo Spin,Slots & 777,jaiho spin,modifier,jaiho spin slots,commercial,body / category hub,NO
jaiho-spin,/games/jaiho-spin.html,JaiHo Spin,Slots & 777,jaiho spin,modifier,best slots and 777 yono app,commercial,body / category hub,NO
my-777,/games/my-777.html,My 777,Slots & 777,my 777,primary,my 777,navigational,H1 + title + intro,NO
my-777,/games/my-777.html,My 777,Slots & 777,my 777,secondary,my 777 app,navigational,H2 / spec table / body,NO
my-777,/games/my-777.html,My 777,Slots & 777,my 777,secondary,my 777 game,navigational,H2 / spec table / body,NO
my-777,/games/my-777.html,My 777,Slots & 777,my 777,secondary,my 777 download,transactional,H2 / spec table / body,NO
my-777,/games/my-777.html,My 777,Slots & 777,my 777,secondary,my 777 apk,transactional,H2 / spec table / body,NO
my-777,/games/my-777.html,My 777,Slots & 777,my 777,secondary,my 777 online,navigational,H2 / spec table / body,NO
my-777,/games/my-777.html,My 777,Slots & 777,my 777,secondary,my 777 android,navigational,H2 / spec table / body,NO
my-777,/games/my-777.html,My 777,Slots & 777,my 777,secondary,my 777 latest version,navigational,H2 / spec table / body,NO
my-777,/games/my-777.html,My 777,Slots & 777,my 777,secondary,my 777 login,transactional,H2 / spec table / body,NO
my-777,/games/my-777.html,My 777,Slots & 777,my 777,long-tail,what is my 777,informational,FAQ question or subsection,NO
my-777,/games/my-777.html,My 777,Slots & 777,my 777,long-tail,how to play my 777,informational,FAQ question or subsection,NO
my-777,/games/my-777.html,My 777,Slots & 777,my 777,long-tail,my 777 how to download,informational,FAQ question or subsection,NO
my-777,/games/my-777.html,My 777,Slots & 777,my 777,long-tail,is my 777 safe,informational,FAQ question or subsection,NO
my-777,/games/my-777.html,My 777,Slots & 777,my 777,long-tail,my 777 app details,informational,FAQ question or subsection,NO
my-777,/games/my-777.html,My 777,Slots & 777,my 777,long-tail,my 777 supported devices,informational,FAQ question or subsection,NO
my-777,/games/my-777.html,My 777,Slots & 777,my 777,long-tail,my 777 beginner guide,informational,FAQ question or subsection,NO
my-777,/games/my-777.html,My 777,Slots & 777,my 777,long-tail,my 777 game guide,informational,FAQ question or subsection,NO
my-777,/games/my-777.html,My 777,Slots & 777,my 777,modifier,my 777 slots,commercial,body / category hub,NO
my-777,/games/my-777.html,My 777,Slots & 777,my 777,modifier,best slots and 777 yono app,commercial,body / category hub,NO
rani-slots,/games/rani-slots.html,Rani Slots,Slots & 777,rani slots,primary,rani slots,navigational,H1 + title + intro,NO
rani-slots,/games/rani-slots.html,Rani Slots,Slots & 777,rani slots,secondary,rani slots app,navigational,H2 / spec table / body,NO
rani-slots,/games/rani-slots.html,Rani Slots,Slots & 777,rani slots,secondary,rani slots game,navigational,H2 / spec table / body,NO
rani-slots,/games/rani-slots.html,Rani Slots,Slots & 777,rani slots,secondary,rani slots download,transactional,H2 / spec table / body,NO
rani-slots,/games/rani-slots.html,Rani Slots,Slots & 777,rani slots,secondary,rani slots apk,transactional,H2 / spec table / body,NO
rani-slots,/games/rani-slots.html,Rani Slots,Slots & 777,rani slots,secondary,rani slots online,navigational,H2 / spec table / body,NO
rani-slots,/games/rani-slots.html,Rani Slots,Slots & 777,rani slots,secondary,rani slots android,navigational,H2 / spec table / body,NO
rani-slots,/games/rani-slots.html,Rani Slots,Slots & 777,rani slots,secondary,rani slots latest version,navigational,H2 / spec table / body,NO
rani-slots,/games/rani-slots.html,Rani Slots,Slots & 777,rani slots,secondary,rani slots login,transactional,H2 / spec table / body,NO
rani-slots,/games/rani-slots.html,Rani Slots,Slots & 777,rani slots,long-tail,what is rani slots,informational,FAQ question or subsection,NO
rani-slots,/games/rani-slots.html,Rani Slots,Slots & 777,rani slots,long-tail,how to play rani slots,informational,FAQ question or subsection,NO
rani-slots,/games/rani-slots.html,Rani Slots,Slots & 777,rani slots,long-tail,rani slots how to download,informational,FAQ question or subsection,NO
rani-slots,/games/rani-slots.html,Rani Slots,Slots & 777,rani slots,long-tail,is rani slots safe,informational,FAQ question or subsection,NO
rani-slots,/games/rani-slots.html,Rani Slots,Slots & 777,rani slots,long-tail,rani slots app details,informational,FAQ question or subsection,NO
rani-slots,/games/rani-slots.html,Rani Slots,Slots & 777,rani slots,long-tail,rani slots supported devices,informational,FAQ question or subsection,NO
rani-slots,/games/rani-slots.html,Rani Slots,Slots & 777,rani slots,long-tail,rani slots beginner guide,informational,FAQ question or subsection,NO
rani-slots,/games/rani-slots.html,Rani Slots,Slots & 777,rani slots,long-tail,rani slots game guide,informational,FAQ question or subsection,NO
rani-slots,/games/rani-slots.html,Rani Slots,Slots & 777,rani slots,modifier,rani slots slots,commercial,body / category hub,NO
rani-slots,/games/rani-slots.html,Rani Slots,Slots & 777,rani slots,modifier,best slots and 777 yono app,commercial,body / category hub,NO
saga-slots,/games/saga-slots.html,Saga Slots,Slots & 777,saga slots,primary,saga slots,navigational,H1 + title + intro,NO
saga-slots,/games/saga-slots.html,Saga Slots,Slots & 777,saga slots,secondary,saga slots app,navigational,H2 / spec table / body,NO
saga-slots,/games/saga-slots.html,Saga Slots,Slots & 777,saga slots,secondary,saga slots game,navigational,H2 / spec table / body,NO
saga-slots,/games/saga-slots.html,Saga Slots,Slots & 777,saga slots,secondary,saga slots download,transactional,H2 / spec table / body,NO
saga-slots,/games/saga-slots.html,Saga Slots,Slots & 777,saga slots,secondary,saga slots apk,transactional,H2 / spec table / body,NO
saga-slots,/games/saga-slots.html,Saga Slots,Slots & 777,saga slots,secondary,saga slots online,navigational,H2 / spec table / body,NO
saga-slots,/games/saga-slots.html,Saga Slots,Slots & 777,saga slots,secondary,saga slots android,navigational,H2 / spec table / body,NO
saga-slots,/games/saga-slots.html,Saga Slots,Slots & 777,saga slots,secondary,saga slots latest version,navigational,H2 / spec table / body,NO
saga-slots,/games/saga-slots.html,Saga Slots,Slots & 777,saga slots,secondary,saga slots login,transactional,H2 / spec table / body,NO
saga-slots,/games/saga-slots.html,Saga Slots,Slots & 777,saga slots,long-tail,what is saga slots,informational,FAQ question or subsection,NO
saga-slots,/games/saga-slots.html,Saga Slots,Slots & 777,saga slots,long-tail,how to play saga slots,informational,FAQ question or subsection,NO
saga-slots,/games/saga-slots.html,Saga Slots,Slots & 777,saga slots,long-tail,saga slots how to download,informational,FAQ question or subsection,NO
saga-slots,/games/saga-slots.html,Saga Slots,Slots & 777,saga slots,long-tail,is saga slots safe,informational,FAQ question or subsection,NO
saga-slots,/games/saga-slots.html,Saga Slots,Slots & 777,saga slots,long-tail,saga slots app details,informational,FAQ question or subsection,NO
saga-slots,/games/saga-slots.html,Saga Slots,Slots & 777,saga slots,long-tail,saga slots supported devices,informational,FAQ question or subsection,NO
saga-slots,/games/saga-slots.html,Saga Slots,Slots & 777,saga slots,long-tail,saga slots beginner guide,informational,FAQ question or subsection,NO
saga-slots,/games/saga-slots.html,Saga Slots,Slots & 777,saga slots,long-tail,saga slots game guide,informational,FAQ question or subsection,NO
saga-slots,/games/saga-slots.html,Saga Slots,Slots & 777,saga slots,modifier,saga slots slots,commercial,body / category hub,NO
saga-slots,/games/saga-slots.html,Saga Slots,Slots & 777,saga slots,modifier,best slots and 777 yono app,commercial,body / category hub,NO
share-slots,/games/share-slots.html,Share Slots,Slots & 777,share slots,primary,share slots,navigational,H1 + title + intro,NO
share-slots,/games/share-slots.html,Share Slots,Slots & 777,share slots,secondary,share slots app,navigational,H2 / spec table / body,NO
share-slots,/games/share-slots.html,Share Slots,Slots & 777,share slots,secondary,share slots game,navigational,H2 / spec table / body,NO
share-slots,/games/share-slots.html,Share Slots,Slots & 777,share slots,secondary,share slots download,transactional,H2 / spec table / body,NO
share-slots,/games/share-slots.html,Share Slots,Slots & 777,share slots,secondary,share slots apk,transactional,H2 / spec table / body,NO
share-slots,/games/share-slots.html,Share Slots,Slots & 777,share slots,secondary,share slots online,navigational,H2 / spec table / body,NO
share-slots,/games/share-slots.html,Share Slots,Slots & 777,share slots,secondary,share slots android,navigational,H2 / spec table / body,NO
share-slots,/games/share-slots.html,Share Slots,Slots & 777,share slots,secondary,share slots latest version,navigational,H2 / spec table / body,NO
share-slots,/games/share-slots.html,Share Slots,Slots & 777,share slots,secondary,share slots login,transactional,H2 / spec table / body,NO
share-slots,/games/share-slots.html,Share Slots,Slots & 777,share slots,long-tail,what is share slots,informational,FAQ question or subsection,NO
share-slots,/games/share-slots.html,Share Slots,Slots & 777,share slots,long-tail,how to play share slots,informational,FAQ question or subsection,NO
share-slots,/games/share-slots.html,Share Slots,Slots & 777,share slots,long-tail,share slots how to download,informational,FAQ question or subsection,NO
share-slots,/games/share-slots.html,Share Slots,Slots & 777,share slots,long-tail,is share slots safe,informational,FAQ question or subsection,NO
share-slots,/games/share-slots.html,Share Slots,Slots & 777,share slots,long-tail,share slots app details,informational,FAQ question or subsection,NO
share-slots,/games/share-slots.html,Share Slots,Slots & 777,share slots,long-tail,share slots supported devices,informational,FAQ question or subsection,NO
share-slots,/games/share-slots.html,Share Slots,Slots & 777,share slots,long-tail,share slots beginner guide,informational,FAQ question or subsection,NO
share-slots,/games/share-slots.html,Share Slots,Slots & 777,share slots,long-tail,share slots game guide,informational,FAQ question or subsection,NO
share-slots,/games/share-slots.html,Share Slots,Slots & 777,share slots,modifier,share slots slots,commercial,body / category hub,NO
share-slots,/games/share-slots.html,Share Slots,Slots & 777,share slots,modifier,best slots and 777 yono app,commercial,body / category hub,NO
slots-spin,/games/slots-spin.html,Slots Spin,Slots & 777,slots spin,primary,slots spin,navigational,H1 + title + intro,NO
slots-spin,/games/slots-spin.html,Slots Spin,Slots & 777,slots spin,secondary,slots spin app,navigational,H2 / spec table / body,NO
slots-spin,/games/slots-spin.html,Slots Spin,Slots & 777,slots spin,secondary,slots spin game,navigational,H2 / spec table / body,NO
slots-spin,/games/slots-spin.html,Slots Spin,Slots & 777,slots spin,secondary,slots spin download,transactional,H2 / spec table / body,NO
slots-spin,/games/slots-spin.html,Slots Spin,Slots & 777,slots spin,secondary,slots spin apk,transactional,H2 / spec table / body,NO
slots-spin,/games/slots-spin.html,Slots Spin,Slots & 777,slots spin,secondary,slots spin online,navigational,H2 / spec table / body,NO
slots-spin,/games/slots-spin.html,Slots Spin,Slots & 777,slots spin,secondary,slots spin android,navigational,H2 / spec table / body,NO
slots-spin,/games/slots-spin.html,Slots Spin,Slots & 777,slots spin,secondary,slots spin latest version,navigational,H2 / spec table / body,NO
slots-spin,/games/slots-spin.html,Slots Spin,Slots & 777,slots spin,secondary,slots spin login,transactional,H2 / spec table / body,NO
slots-spin,/games/slots-spin.html,Slots Spin,Slots & 777,slots spin,long-tail,what is slots spin,informational,FAQ question or subsection,NO
slots-spin,/games/slots-spin.html,Slots Spin,Slots & 777,slots spin,long-tail,how to play slots spin,informational,FAQ question or subsection,NO
slots-spin,/games/slots-spin.html,Slots Spin,Slots & 777,slots spin,long-tail,slots spin how to download,informational,FAQ question or subsection,NO
slots-spin,/games/slots-spin.html,Slots Spin,Slots & 777,slots spin,long-tail,is slots spin safe,informational,FAQ question or subsection,NO
slots-spin,/games/slots-spin.html,Slots Spin,Slots & 777,slots spin,long-tail,slots spin app details,informational,FAQ question or subsection,NO
slots-spin,/games/slots-spin.html,Slots Spin,Slots & 777,slots spin,long-tail,slots spin supported devices,informational,FAQ question or subsection,NO
slots-spin,/games/slots-spin.html,Slots Spin,Slots & 777,slots spin,long-tail,slots spin beginner guide,informational,FAQ question or subsection,NO
slots-spin,/games/slots-spin.html,Slots Spin,Slots & 777,slots spin,long-tail,slots spin game guide,informational,FAQ question or subsection,NO
slots-spin,/games/slots-spin.html,Slots Spin,Slots & 777,slots spin,modifier,slots spin slots,commercial,body / category hub,NO
slots-spin,/games/slots-spin.html,Slots Spin,Slots & 777,slots spin,modifier,best slots and 777 yono app,commercial,body / category hub,NO
slots-winner,/games/slots-winner.html,Slots Winner,Slots & 777,slots winner,primary,slots winner,navigational,H1 + title + intro,NO
slots-winner,/games/slots-winner.html,Slots Winner,Slots & 777,slots winner,secondary,slots winner app,navigational,H2 / spec table / body,NO
slots-winner,/games/slots-winner.html,Slots Winner,Slots & 777,slots winner,secondary,slots winner game,navigational,H2 / spec table / body,NO
slots-winner,/games/slots-winner.html,Slots Winner,Slots & 777,slots winner,secondary,slots winner download,transactional,H2 / spec table / body,NO
slots-winner,/games/slots-winner.html,Slots Winner,Slots & 777,slots winner,secondary,slots winner apk,transactional,H2 / spec table / body,NO
slots-winner,/games/slots-winner.html,Slots Winner,Slots & 777,slots winner,secondary,slots winner online,navigational,H2 / spec table / body,NO
slots-winner,/games/slots-winner.html,Slots Winner,Slots & 777,slots winner,secondary,slots winner android,navigational,H2 / spec table / body,NO
slots-winner,/games/slots-winner.html,Slots Winner,Slots & 777,slots winner,secondary,slots winner latest version,navigational,H2 / spec table / body,NO
slots-winner,/games/slots-winner.html,Slots Winner,Slots & 777,slots winner,secondary,slots winner login,transactional,H2 / spec table / body,NO
slots-winner,/games/slots-winner.html,Slots Winner,Slots & 777,slots winner,long-tail,what is slots winner,informational,FAQ question or subsection,NO
slots-winner,/games/slots-winner.html,Slots Winner,Slots & 777,slots winner,long-tail,how to play slots winner,informational,FAQ question or subsection,NO
slots-winner,/games/slots-winner.html,Slots Winner,Slots & 777,slots winner,long-tail,slots winner how to download,informational,FAQ question or subsection,NO
slots-winner,/games/slots-winner.html,Slots Winner,Slots & 777,slots winner,long-tail,is slots winner safe,informational,FAQ question or subsection,NO
slots-winner,/games/slots-winner.html,Slots Winner,Slots & 777,slots winner,long-tail,slots winner app details,informational,FAQ question or subsection,NO
slots-winner,/games/slots-winner.html,Slots Winner,Slots & 777,slots winner,long-tail,slots winner supported devices,informational,FAQ question or subsection,NO
slots-winner,/games/slots-winner.html,Slots Winner,Slots & 777,slots winner,long-tail,slots winner beginner guide,informational,FAQ question or subsection,NO
slots-winner,/games/slots-winner.html,Slots Winner,Slots & 777,slots winner,long-tail,slots winner game guide,informational,FAQ question or subsection,NO
slots-winner,/games/slots-winner.html,Slots Winner,Slots & 777,slots winner,modifier,slots winner slots,commercial,body / category hub,NO
slots-winner,/games/slots-winner.html,Slots Winner,Slots & 777,slots winner,modifier,best slots and 777 yono app,commercial,body / category hub,NO
spin-101,/games/spin-101.html,Spin 101,Slots & 777,spin 101,primary,spin 101,navigational,H1 + title + intro,NO
spin-101,/games/spin-101.html,Spin 101,Slots & 777,spin 101,secondary,spin 101 app,navigational,H2 / spec table / body,NO
spin-101,/games/spin-101.html,Spin 101,Slots & 777,spin 101,secondary,spin 101 game,navigational,H2 / spec table / body,NO
spin-101,/games/spin-101.html,Spin 101,Slots & 777,spin 101,secondary,spin 101 download,transactional,H2 / spec table / body,NO
spin-101,/games/spin-101.html,Spin 101,Slots & 777,spin 101,secondary,spin 101 apk,transactional,H2 / spec table / body,NO
spin-101,/games/spin-101.html,Spin 101,Slots & 777,spin 101,secondary,spin 101 online,navigational,H2 / spec table / body,NO
spin-101,/games/spin-101.html,Spin 101,Slots & 777,spin 101,secondary,spin 101 android,navigational,H2 / spec table / body,NO
spin-101,/games/spin-101.html,Spin 101,Slots & 777,spin 101,secondary,spin 101 latest version,navigational,H2 / spec table / body,NO
spin-101,/games/spin-101.html,Spin 101,Slots & 777,spin 101,secondary,spin 101 login,transactional,H2 / spec table / body,NO
spin-101,/games/spin-101.html,Spin 101,Slots & 777,spin 101,long-tail,what is spin 101,informational,FAQ question or subsection,NO
spin-101,/games/spin-101.html,Spin 101,Slots & 777,spin 101,long-tail,how to play spin 101,informational,FAQ question or subsection,NO
spin-101,/games/spin-101.html,Spin 101,Slots & 777,spin 101,long-tail,spin 101 how to download,informational,FAQ question or subsection,NO
spin-101,/games/spin-101.html,Spin 101,Slots & 777,spin 101,long-tail,is spin 101 safe,informational,FAQ question or subsection,NO
spin-101,/games/spin-101.html,Spin 101,Slots & 777,spin 101,long-tail,spin 101 app details,informational,FAQ question or subsection,NO
spin-101,/games/spin-101.html,Spin 101,Slots & 777,spin 101,long-tail,spin 101 supported devices,informational,FAQ question or subsection,NO
spin-101,/games/spin-101.html,Spin 101,Slots & 777,spin 101,long-tail,spin 101 beginner guide,informational,FAQ question or subsection,NO
spin-101,/games/spin-101.html,Spin 101,Slots & 777,spin 101,long-tail,spin 101 game guide,informational,FAQ question or subsection,NO
spin-101,/games/spin-101.html,Spin 101,Slots & 777,spin 101,modifier,spin 101 slots,commercial,body / category hub,NO
spin-101,/games/spin-101.html,Spin 101,Slots & 777,spin 101,modifier,best slots and 777 yono app,commercial,body / category hub,NO
spin-777,/games/spin-777.html,Spin 777,Slots & 777,spin 777,primary,spin 777,navigational,H1 + title + intro,NO
spin-777,/games/spin-777.html,Spin 777,Slots & 777,spin 777,secondary,spin 777 app,navigational,H2 / spec table / body,NO
spin-777,/games/spin-777.html,Spin 777,Slots & 777,spin 777,secondary,spin 777 game,navigational,H2 / spec table / body,NO
spin-777,/games/spin-777.html,Spin 777,Slots & 777,spin 777,secondary,spin 777 download,transactional,H2 / spec table / body,NO
spin-777,/games/spin-777.html,Spin 777,Slots & 777,spin 777,secondary,spin 777 apk,transactional,H2 / spec table / body,NO
spin-777,/games/spin-777.html,Spin 777,Slots & 777,spin 777,secondary,spin 777 online,navigational,H2 / spec table / body,NO
spin-777,/games/spin-777.html,Spin 777,Slots & 777,spin 777,secondary,spin 777 android,navigational,H2 / spec table / body,NO
spin-777,/games/spin-777.html,Spin 777,Slots & 777,spin 777,secondary,spin 777 latest version,navigational,H2 / spec table / body,NO
spin-777,/games/spin-777.html,Spin 777,Slots & 777,spin 777,secondary,spin 777 login,transactional,H2 / spec table / body,NO
spin-777,/games/spin-777.html,Spin 777,Slots & 777,spin 777,long-tail,what is spin 777,informational,FAQ question or subsection,NO
spin-777,/games/spin-777.html,Spin 777,Slots & 777,spin 777,long-tail,how to play spin 777,informational,FAQ question or subsection,NO
spin-777,/games/spin-777.html,Spin 777,Slots & 777,spin 777,long-tail,spin 777 how to download,informational,FAQ question or subsection,NO
spin-777,/games/spin-777.html,Spin 777,Slots & 777,spin 777,long-tail,is spin 777 safe,informational,FAQ question or subsection,NO
spin-777,/games/spin-777.html,Spin 777,Slots & 777,spin 777,long-tail,spin 777 app details,informational,FAQ question or subsection,NO
spin-777,/games/spin-777.html,Spin 777,Slots & 777,spin 777,long-tail,spin 777 supported devices,informational,FAQ question or subsection,NO
spin-777,/games/spin-777.html,Spin 777,Slots & 777,spin 777,long-tail,spin 777 beginner guide,informational,FAQ question or subsection,NO
spin-777,/games/spin-777.html,Spin 777,Slots & 777,spin 777,long-tail,spin 777 game guide,informational,FAQ question or subsection,NO
spin-777,/games/spin-777.html,Spin 777,Slots & 777,spin 777,modifier,spin 777 slots,commercial,body / category hub,NO
spin-777,/games/spin-777.html,Spin 777,Slots & 777,spin 777,modifier,best slots and 777 yono app,commercial,body / category hub,NO
spin-crush,/games/spin-crush.html,Spin Crush,Slots & 777,spin crush,primary,spin crush,navigational,H1 + title + intro,NO
spin-crush,/games/spin-crush.html,Spin Crush,Slots & 777,spin crush,secondary,spin crush app,navigational,H2 / spec table / body,NO
spin-crush,/games/spin-crush.html,Spin Crush,Slots & 777,spin crush,secondary,spin crush game,navigational,H2 / spec table / body,NO
spin-crush,/games/spin-crush.html,Spin Crush,Slots & 777,spin crush,secondary,spin crush download,transactional,H2 / spec table / body,NO
spin-crush,/games/spin-crush.html,Spin Crush,Slots & 777,spin crush,secondary,spin crush apk,transactional,H2 / spec table / body,NO
spin-crush,/games/spin-crush.html,Spin Crush,Slots & 777,spin crush,secondary,spin crush online,navigational,H2 / spec table / body,NO
spin-crush,/games/spin-crush.html,Spin Crush,Slots & 777,spin crush,secondary,spin crush android,navigational,H2 / spec table / body,NO
spin-crush,/games/spin-crush.html,Spin Crush,Slots & 777,spin crush,secondary,spin crush latest version,navigational,H2 / spec table / body,NO
spin-crush,/games/spin-crush.html,Spin Crush,Slots & 777,spin crush,secondary,spin crush login,transactional,H2 / spec table / body,NO
spin-crush,/games/spin-crush.html,Spin Crush,Slots & 777,spin crush,long-tail,what is spin crush,informational,FAQ question or subsection,NO
spin-crush,/games/spin-crush.html,Spin Crush,Slots & 777,spin crush,long-tail,how to play spin crush,informational,FAQ question or subsection,NO
spin-crush,/games/spin-crush.html,Spin Crush,Slots & 777,spin crush,long-tail,spin crush how to download,informational,FAQ question or subsection,NO
spin-crush,/games/spin-crush.html,Spin Crush,Slots & 777,spin crush,long-tail,is spin crush safe,informational,FAQ question or subsection,NO
spin-crush,/games/spin-crush.html,Spin Crush,Slots & 777,spin crush,long-tail,spin crush app details,informational,FAQ question or subsection,NO
spin-crush,/games/spin-crush.html,Spin Crush,Slots & 777,spin crush,long-tail,spin crush supported devices,informational,FAQ question or subsection,NO
spin-crush,/games/spin-crush.html,Spin Crush,Slots & 777,spin crush,long-tail,spin crush beginner guide,informational,FAQ question or subsection,NO
spin-crush,/games/spin-crush.html,Spin Crush,Slots & 777,spin crush,long-tail,spin crush game guide,informational,FAQ question or subsection,NO
spin-crush,/games/spin-crush.html,Spin Crush,Slots & 777,spin crush,modifier,spin crush slots,commercial,body / category hub,NO
spin-crush,/games/spin-crush.html,Spin Crush,Slots & 777,spin crush,modifier,best slots and 777 yono app,commercial,body / category hub,NO
spin-gold,/games/spin-gold.html,Spin Gold,Slots & 777,spin gold,primary,spin gold,navigational,H1 + title + intro,NO
spin-gold,/games/spin-gold.html,Spin Gold,Slots & 777,spin gold,secondary,spin gold app,navigational,H2 / spec table / body,NO
spin-gold,/games/spin-gold.html,Spin Gold,Slots & 777,spin gold,secondary,spin gold game,navigational,H2 / spec table / body,NO
spin-gold,/games/spin-gold.html,Spin Gold,Slots & 777,spin gold,secondary,spin gold download,transactional,H2 / spec table / body,NO
spin-gold,/games/spin-gold.html,Spin Gold,Slots & 777,spin gold,secondary,spin gold apk,transactional,H2 / spec table / body,NO
spin-gold,/games/spin-gold.html,Spin Gold,Slots & 777,spin gold,secondary,spin gold online,navigational,H2 / spec table / body,NO
spin-gold,/games/spin-gold.html,Spin Gold,Slots & 777,spin gold,secondary,spin gold android,navigational,H2 / spec table / body,NO
spin-gold,/games/spin-gold.html,Spin Gold,Slots & 777,spin gold,secondary,spin gold latest version,navigational,H2 / spec table / body,NO
spin-gold,/games/spin-gold.html,Spin Gold,Slots & 777,spin gold,secondary,spin gold login,transactional,H2 / spec table / body,NO
spin-gold,/games/spin-gold.html,Spin Gold,Slots & 777,spin gold,long-tail,what is spin gold,informational,FAQ question or subsection,NO
spin-gold,/games/spin-gold.html,Spin Gold,Slots & 777,spin gold,long-tail,how to play spin gold,informational,FAQ question or subsection,NO
spin-gold,/games/spin-gold.html,Spin Gold,Slots & 777,spin gold,long-tail,spin gold how to download,informational,FAQ question or subsection,NO
spin-gold,/games/spin-gold.html,Spin Gold,Slots & 777,spin gold,long-tail,is spin gold safe,informational,FAQ question or subsection,NO
spin-gold,/games/spin-gold.html,Spin Gold,Slots & 777,spin gold,long-tail,spin gold app details,informational,FAQ question or subsection,NO
spin-gold,/games/spin-gold.html,Spin Gold,Slots & 777,spin gold,long-tail,spin gold supported devices,informational,FAQ question or subsection,NO
spin-gold,/games/spin-gold.html,Spin Gold,Slots & 777,spin gold,long-tail,spin gold beginner guide,informational,FAQ question or subsection,NO
spin-gold,/games/spin-gold.html,Spin Gold,Slots & 777,spin gold,long-tail,spin gold game guide,informational,FAQ question or subsection,NO
spin-gold,/games/spin-gold.html,Spin Gold,Slots & 777,spin gold,modifier,spin gold slots,commercial,body / category hub,NO
spin-gold,/games/spin-gold.html,Spin Gold,Slots & 777,spin gold,modifier,best slots and 777 yono app,commercial,body / category hub,NO
spin-lucky,/games/spin-lucky.html,Spin Lucky,Slots & 777,spin lucky,primary,spin lucky,navigational,H1 + title + intro,NO
spin-lucky,/games/spin-lucky.html,Spin Lucky,Slots & 777,spin lucky,secondary,spin lucky app,navigational,H2 / spec table / body,NO
spin-lucky,/games/spin-lucky.html,Spin Lucky,Slots & 777,spin lucky,secondary,spin lucky game,navigational,H2 / spec table / body,NO
spin-lucky,/games/spin-lucky.html,Spin Lucky,Slots & 777,spin lucky,secondary,spin lucky download,transactional,H2 / spec table / body,NO
spin-lucky,/games/spin-lucky.html,Spin Lucky,Slots & 777,spin lucky,secondary,spin lucky apk,transactional,H2 / spec table / body,NO
spin-lucky,/games/spin-lucky.html,Spin Lucky,Slots & 777,spin lucky,secondary,spin lucky online,navigational,H2 / spec table / body,NO
spin-lucky,/games/spin-lucky.html,Spin Lucky,Slots & 777,spin lucky,secondary,spin lucky android,navigational,H2 / spec table / body,NO
spin-lucky,/games/spin-lucky.html,Spin Lucky,Slots & 777,spin lucky,secondary,spin lucky latest version,navigational,H2 / spec table / body,NO
spin-lucky,/games/spin-lucky.html,Spin Lucky,Slots & 777,spin lucky,secondary,spin lucky login,transactional,H2 / spec table / body,NO
spin-lucky,/games/spin-lucky.html,Spin Lucky,Slots & 777,spin lucky,long-tail,what is spin lucky,informational,FAQ question or subsection,NO
spin-lucky,/games/spin-lucky.html,Spin Lucky,Slots & 777,spin lucky,long-tail,how to play spin lucky,informational,FAQ question or subsection,NO
spin-lucky,/games/spin-lucky.html,Spin Lucky,Slots & 777,spin lucky,long-tail,spin lucky how to download,informational,FAQ question or subsection,NO
spin-lucky,/games/spin-lucky.html,Spin Lucky,Slots & 777,spin lucky,long-tail,is spin lucky safe,informational,FAQ question or subsection,NO
spin-lucky,/games/spin-lucky.html,Spin Lucky,Slots & 777,spin lucky,long-tail,spin lucky app details,informational,FAQ question or subsection,NO
spin-lucky,/games/spin-lucky.html,Spin Lucky,Slots & 777,spin lucky,long-tail,spin lucky supported devices,informational,FAQ question or subsection,NO
spin-lucky,/games/spin-lucky.html,Spin Lucky,Slots & 777,spin lucky,long-tail,spin lucky beginner guide,informational,FAQ question or subsection,NO
spin-lucky,/games/spin-lucky.html,Spin Lucky,Slots & 777,spin lucky,long-tail,spin lucky game guide,informational,FAQ question or subsection,NO
spin-lucky,/games/spin-lucky.html,Spin Lucky,Slots & 777,spin lucky,modifier,spin lucky slots,commercial,body / category hub,NO
spin-lucky,/games/spin-lucky.html,Spin Lucky,Slots & 777,spin lucky,modifier,best slots and 777 yono app,commercial,body / category hub,NO
spin-winner,/games/spin-winner.html,Spin Winner,Slots & 777,spin winner,primary,spin winner,navigational,H1 + title + intro,NO
spin-winner,/games/spin-winner.html,Spin Winner,Slots & 777,spin winner,secondary,spin winner app,navigational,H2 / spec table / body,NO
spin-winner,/games/spin-winner.html,Spin Winner,Slots & 777,spin winner,secondary,spin winner game,navigational,H2 / spec table / body,NO
spin-winner,/games/spin-winner.html,Spin Winner,Slots & 777,spin winner,secondary,spin winner download,transactional,H2 / spec table / body,NO
spin-winner,/games/spin-winner.html,Spin Winner,Slots & 777,spin winner,secondary,spin winner apk,transactional,H2 / spec table / body,NO
spin-winner,/games/spin-winner.html,Spin Winner,Slots & 777,spin winner,secondary,spin winner online,navigational,H2 / spec table / body,NO
spin-winner,/games/spin-winner.html,Spin Winner,Slots & 777,spin winner,secondary,spin winner android,navigational,H2 / spec table / body,NO
spin-winner,/games/spin-winner.html,Spin Winner,Slots & 777,spin winner,secondary,spin winner latest version,navigational,H2 / spec table / body,NO
spin-winner,/games/spin-winner.html,Spin Winner,Slots & 777,spin winner,secondary,spin winner login,transactional,H2 / spec table / body,NO
spin-winner,/games/spin-winner.html,Spin Winner,Slots & 777,spin winner,long-tail,what is spin winner,informational,FAQ question or subsection,NO
spin-winner,/games/spin-winner.html,Spin Winner,Slots & 777,spin winner,long-tail,how to play spin winner,informational,FAQ question or subsection,NO
spin-winner,/games/spin-winner.html,Spin Winner,Slots & 777,spin winner,long-tail,spin winner how to download,informational,FAQ question or subsection,NO
spin-winner,/games/spin-winner.html,Spin Winner,Slots & 777,spin winner,long-tail,is spin winner safe,informational,FAQ question or subsection,NO
spin-winner,/games/spin-winner.html,Spin Winner,Slots & 777,spin winner,long-tail,spin winner app details,informational,FAQ question or subsection,NO
spin-winner,/games/spin-winner.html,Spin Winner,Slots & 777,spin winner,long-tail,spin winner supported devices,informational,FAQ question or subsection,NO
spin-winner,/games/spin-winner.html,Spin Winner,Slots & 777,spin winner,long-tail,spin winner beginner guide,informational,FAQ question or subsection,NO
spin-winner,/games/spin-winner.html,Spin Winner,Slots & 777,spin winner,long-tail,spin winner game guide,informational,FAQ question or subsection,NO
spin-winner,/games/spin-winner.html,Spin Winner,Slots & 777,spin winner,modifier,spin winner slots,commercial,body / category hub,NO
spin-winner,/games/spin-winner.html,Spin Winner,Slots & 777,spin winner,modifier,best slots and 777 yono app,commercial,body / category hub,NO
svip-777,/games/svip-777.html,SVIP 777,Slots & 777,svip 777,primary,svip 777,navigational,H1 + title + intro,NO
svip-777,/games/svip-777.html,SVIP 777,Slots & 777,svip 777,secondary,svip 777 app,navigational,H2 / spec table / body,NO
svip-777,/games/svip-777.html,SVIP 777,Slots & 777,svip 777,secondary,svip 777 game,navigational,H2 / spec table / body,NO
svip-777,/games/svip-777.html,SVIP 777,Slots & 777,svip 777,secondary,svip 777 download,transactional,H2 / spec table / body,NO
svip-777,/games/svip-777.html,SVIP 777,Slots & 777,svip 777,secondary,svip 777 apk,transactional,H2 / spec table / body,NO
svip-777,/games/svip-777.html,SVIP 777,Slots & 777,svip 777,secondary,svip 777 online,navigational,H2 / spec table / body,NO
svip-777,/games/svip-777.html,SVIP 777,Slots & 777,svip 777,secondary,svip 777 android,navigational,H2 / spec table / body,NO
svip-777,/games/svip-777.html,SVIP 777,Slots & 777,svip 777,secondary,svip 777 latest version,navigational,H2 / spec table / body,NO
svip-777,/games/svip-777.html,SVIP 777,Slots & 777,svip 777,secondary,svip 777 login,transactional,H2 / spec table / body,NO
svip-777,/games/svip-777.html,SVIP 777,Slots & 777,svip 777,long-tail,what is svip 777,informational,FAQ question or subsection,NO
svip-777,/games/svip-777.html,SVIP 777,Slots & 777,svip 777,long-tail,how to play svip 777,informational,FAQ question or subsection,NO
svip-777,/games/svip-777.html,SVIP 777,Slots & 777,svip 777,long-tail,svip 777 how to download,informational,FAQ question or subsection,NO
svip-777,/games/svip-777.html,SVIP 777,Slots & 777,svip 777,long-tail,is svip 777 safe,informational,FAQ question or subsection,NO
svip-777,/games/svip-777.html,SVIP 777,Slots & 777,svip 777,long-tail,svip 777 app details,informational,FAQ question or subsection,NO
svip-777,/games/svip-777.html,SVIP 777,Slots & 777,svip 777,long-tail,svip 777 supported devices,informational,FAQ question or subsection,NO
svip-777,/games/svip-777.html,SVIP 777,Slots & 777,svip 777,long-tail,svip 777 beginner guide,informational,FAQ question or subsection,NO
svip-777,/games/svip-777.html,SVIP 777,Slots & 777,svip 777,long-tail,svip 777 game guide,informational,FAQ question or subsection,NO
svip-777,/games/svip-777.html,SVIP 777,Slots & 777,svip 777,modifier,svip 777 slots,commercial,body / category hub,NO
svip-777,/games/svip-777.html,SVIP 777,Slots & 777,svip 777,modifier,best slots and 777 yono app,commercial,body / category hub,NO
yes-spin,/games/yes-spin.html,Yes Spin,Slots & 777,yes spin,primary,yes spin,navigational,H1 + title + intro,NO
yes-spin,/games/yes-spin.html,Yes Spin,Slots & 777,yes spin,secondary,yes spin app,navigational,H2 / spec table / body,NO
yes-spin,/games/yes-spin.html,Yes Spin,Slots & 777,yes spin,secondary,yes spin game,navigational,H2 / spec table / body,NO
yes-spin,/games/yes-spin.html,Yes Spin,Slots & 777,yes spin,secondary,yes spin download,transactional,H2 / spec table / body,NO
yes-spin,/games/yes-spin.html,Yes Spin,Slots & 777,yes spin,secondary,yes spin apk,transactional,H2 / spec table / body,NO
yes-spin,/games/yes-spin.html,Yes Spin,Slots & 777,yes spin,secondary,yes spin online,navigational,H2 / spec table / body,NO
yes-spin,/games/yes-spin.html,Yes Spin,Slots & 777,yes spin,secondary,yes spin android,navigational,H2 / spec table / body,NO
yes-spin,/games/yes-spin.html,Yes Spin,Slots & 777,yes spin,secondary,yes spin latest version,navigational,H2 / spec table / body,NO
yes-spin,/games/yes-spin.html,Yes Spin,Slots & 777,yes spin,secondary,yes spin login,transactional,H2 / spec table / body,NO
yes-spin,/games/yes-spin.html,Yes Spin,Slots & 777,yes spin,long-tail,what is yes spin,informational,FAQ question or subsection,NO
yes-spin,/games/yes-spin.html,Yes Spin,Slots & 777,yes spin,long-tail,how to play yes spin,informational,FAQ question or subsection,NO
yes-spin,/games/yes-spin.html,Yes Spin,Slots & 777,yes spin,long-tail,yes spin how to download,informational,FAQ question or subsection,NO
yes-spin,/games/yes-spin.html,Yes Spin,Slots & 777,yes spin,long-tail,is yes spin safe,informational,FAQ question or subsection,NO
yes-spin,/games/yes-spin.html,Yes Spin,Slots & 777,yes spin,long-tail,yes spin app details,informational,FAQ question or subsection,NO
yes-spin,/games/yes-spin.html,Yes Spin,Slots & 777,yes spin,long-tail,yes spin supported devices,informational,FAQ question or subsection,NO
yes-spin,/games/yes-spin.html,Yes Spin,Slots & 777,yes spin,long-tail,yes spin beginner guide,informational,FAQ question or subsection,NO
yes-spin,/games/yes-spin.html,Yes Spin,Slots & 777,yes spin,long-tail,yes spin game guide,informational,FAQ question or subsection,NO
yes-spin,/games/yes-spin.html,Yes Spin,Slots & 777,yes spin,modifier,yes spin slots,commercial,body / category hub,NO
yes-spin,/games/yes-spin.html,Yes Spin,Slots & 777,yes spin,modifier,best slots and 777 yono app,commercial,body / category hub,NO
yn-777,/games/yn-777.html,YN 777,Slots & 777,yn 777,primary,yn 777,navigational,H1 + title + intro,NO
yn-777,/games/yn-777.html,YN 777,Slots & 777,yn 777,secondary,yn 777 app,navigational,H2 / spec table / body,NO
yn-777,/games/yn-777.html,YN 777,Slots & 777,yn 777,secondary,yn 777 game,navigational,H2 / spec table / body,NO
yn-777,/games/yn-777.html,YN 777,Slots & 777,yn 777,secondary,yn 777 download,transactional,H2 / spec table / body,NO
yn-777,/games/yn-777.html,YN 777,Slots & 777,yn 777,secondary,yn 777 apk,transactional,H2 / spec table / body,NO
yn-777,/games/yn-777.html,YN 777,Slots & 777,yn 777,secondary,yn 777 online,navigational,H2 / spec table / body,NO
yn-777,/games/yn-777.html,YN 777,Slots & 777,yn 777,secondary,yn 777 android,navigational,H2 / spec table / body,NO
yn-777,/games/yn-777.html,YN 777,Slots & 777,yn 777,secondary,yn 777 latest version,navigational,H2 / spec table / body,NO
yn-777,/games/yn-777.html,YN 777,Slots & 777,yn 777,secondary,yn 777 login,transactional,H2 / spec table / body,NO
yn-777,/games/yn-777.html,YN 777,Slots & 777,yn 777,long-tail,what is yn 777,informational,FAQ question or subsection,NO
yn-777,/games/yn-777.html,YN 777,Slots & 777,yn 777,long-tail,how to play yn 777,informational,FAQ question or subsection,NO
yn-777,/games/yn-777.html,YN 777,Slots & 777,yn 777,long-tail,yn 777 how to download,informational,FAQ question or subsection,NO
yn-777,/games/yn-777.html,YN 777,Slots & 777,yn 777,long-tail,is yn 777 safe,informational,FAQ question or subsection,NO
yn-777,/games/yn-777.html,YN 777,Slots & 777,yn 777,long-tail,yn 777 app details,informational,FAQ question or subsection,NO
yn-777,/games/yn-777.html,YN 777,Slots & 777,yn 777,long-tail,yn 777 supported devices,informational,FAQ question or subsection,NO
yn-777,/games/yn-777.html,YN 777,Slots & 777,yn 777,long-tail,yn 777 beginner guide,informational,FAQ question or subsection,NO
yn-777,/games/yn-777.html,YN 777,Slots & 777,yn 777,long-tail,yn 777 game guide,informational,FAQ question or subsection,NO
yn-777,/games/yn-777.html,YN 777,Slots & 777,yn 777,modifier,yn 777 slots,commercial,body / category hub,NO
yn-777,/games/yn-777.html,YN 777,Slots & 777,yn 777,modifier,best slots and 777 yono app,commercial,body / category hub,NO
yono-777,/games/yono-777.html,Yono 777,Slots & 777,yono 777,primary,yono 777,navigational,H1 + title + intro,NO
yono-777,/games/yono-777.html,Yono 777,Slots & 777,yono 777,secondary,yono 777 app,navigational,H2 / spec table / body,NO
yono-777,/games/yono-777.html,Yono 777,Slots & 777,yono 777,secondary,yono 777 game,navigational,H2 / spec table / body,NO
yono-777,/games/yono-777.html,Yono 777,Slots & 777,yono 777,secondary,yono 777 download,transactional,H2 / spec table / body,NO
yono-777,/games/yono-777.html,Yono 777,Slots & 777,yono 777,secondary,yono 777 apk,transactional,H2 / spec table / body,NO
yono-777,/games/yono-777.html,Yono 777,Slots & 777,yono 777,secondary,yono 777 online,navigational,H2 / spec table / body,NO
yono-777,/games/yono-777.html,Yono 777,Slots & 777,yono 777,secondary,yono 777 android,navigational,H2 / spec table / body,NO
yono-777,/games/yono-777.html,Yono 777,Slots & 777,yono 777,secondary,yono 777 latest version,navigational,H2 / spec table / body,NO
yono-777,/games/yono-777.html,Yono 777,Slots & 777,yono 777,secondary,yono 777 login,transactional,H2 / spec table / body,NO
yono-777,/games/yono-777.html,Yono 777,Slots & 777,yono 777,long-tail,what is yono 777,informational,FAQ question or subsection,NO
yono-777,/games/yono-777.html,Yono 777,Slots & 777,yono 777,long-tail,how to play yono 777,informational,FAQ question or subsection,NO
yono-777,/games/yono-777.html,Yono 777,Slots & 777,yono 777,long-tail,yono 777 how to download,informational,FAQ question or subsection,NO
yono-777,/games/yono-777.html,Yono 777,Slots & 777,yono 777,long-tail,is yono 777 safe,informational,FAQ question or subsection,NO
yono-777,/games/yono-777.html,Yono 777,Slots & 777,yono 777,long-tail,yono 777 app details,informational,FAQ question or subsection,NO
yono-777,/games/yono-777.html,Yono 777,Slots & 777,yono 777,long-tail,yono 777 supported devices,informational,FAQ question or subsection,NO
yono-777,/games/yono-777.html,Yono 777,Slots & 777,yono 777,long-tail,yono 777 beginner guide,informational,FAQ question or subsection,NO
yono-777,/games/yono-777.html,Yono 777,Slots & 777,yono 777,long-tail,yono 777 game guide,informational,FAQ question or subsection,NO
yono-777,/games/yono-777.html,Yono 777,Slots & 777,yono 777,modifier,yono 777 slots,commercial,body / category hub,NO
yono-777,/games/yono-777.html,Yono 777,Slots & 777,yono 777,modifier,best slots and 777 yono app,commercial,body / category hub,NO
yono-slots,/games/yono-slots.html,Yono Slots,Slots & 777,yono slots,primary,yono slots,navigational,H1 + title + intro,NO
yono-slots,/games/yono-slots.html,Yono Slots,Slots & 777,yono slots,secondary,yono slots app,navigational,H2 / spec table / body,NO
yono-slots,/games/yono-slots.html,Yono Slots,Slots & 777,yono slots,secondary,yono slots game,navigational,H2 / spec table / body,NO
yono-slots,/games/yono-slots.html,Yono Slots,Slots & 777,yono slots,secondary,yono slots download,transactional,H2 / spec table / body,NO
yono-slots,/games/yono-slots.html,Yono Slots,Slots & 777,yono slots,secondary,yono slots apk,transactional,H2 / spec table / body,NO
yono-slots,/games/yono-slots.html,Yono Slots,Slots & 777,yono slots,secondary,yono slots online,navigational,H2 / spec table / body,NO
yono-slots,/games/yono-slots.html,Yono Slots,Slots & 777,yono slots,secondary,yono slots android,navigational,H2 / spec table / body,NO
yono-slots,/games/yono-slots.html,Yono Slots,Slots & 777,yono slots,secondary,yono slots latest version,navigational,H2 / spec table / body,NO
yono-slots,/games/yono-slots.html,Yono Slots,Slots & 777,yono slots,secondary,yono slots login,transactional,H2 / spec table / body,NO
yono-slots,/games/yono-slots.html,Yono Slots,Slots & 777,yono slots,long-tail,what is yono slots,informational,FAQ question or subsection,NO
yono-slots,/games/yono-slots.html,Yono Slots,Slots & 777,yono slots,long-tail,how to play yono slots,informational,FAQ question or subsection,NO
yono-slots,/games/yono-slots.html,Yono Slots,Slots & 777,yono slots,long-tail,yono slots how to download,informational,FAQ question or subsection,NO
yono-slots,/games/yono-slots.html,Yono Slots,Slots & 777,yono slots,long-tail,is yono slots safe,informational,FAQ question or subsection,NO
yono-slots,/games/yono-slots.html,Yono Slots,Slots & 777,yono slots,long-tail,yono slots app details,informational,FAQ question or subsection,NO
yono-slots,/games/yono-slots.html,Yono Slots,Slots & 777,yono slots,long-tail,yono slots supported devices,informational,FAQ question or subsection,NO
yono-slots,/games/yono-slots.html,Yono Slots,Slots & 777,yono slots,long-tail,yono slots beginner guide,informational,FAQ question or subsection,NO
yono-slots,/games/yono-slots.html,Yono Slots,Slots & 777,yono slots,long-tail,yono slots game guide,informational,FAQ question or subsection,NO
yono-slots,/games/yono-slots.html,Yono Slots,Slots & 777,yono slots,modifier,yono slots slots,commercial,body / category hub,NO
yono-slots,/games/yono-slots.html,Yono Slots,Slots & 777,yono slots,modifier,best slots and 777 yono app,commercial,body / category hub,NO
yoyo-slots,/games/yoyo-slots.html,YoYo Slots,Slots & 777,yoyo slots,primary,yoyo slots,navigational,H1 + title + intro,NO
yoyo-slots,/games/yoyo-slots.html,YoYo Slots,Slots & 777,yoyo slots,secondary,yoyo slots app,navigational,H2 / spec table / body,NO
yoyo-slots,/games/yoyo-slots.html,YoYo Slots,Slots & 777,yoyo slots,secondary,yoyo slots game,navigational,H2 / spec table / body,NO
yoyo-slots,/games/yoyo-slots.html,YoYo Slots,Slots & 777,yoyo slots,secondary,yoyo slots download,transactional,H2 / spec table / body,NO
yoyo-slots,/games/yoyo-slots.html,YoYo Slots,Slots & 777,yoyo slots,secondary,yoyo slots apk,transactional,H2 / spec table / body,NO
yoyo-slots,/games/yoyo-slots.html,YoYo Slots,Slots & 777,yoyo slots,secondary,yoyo slots online,navigational,H2 / spec table / body,NO
yoyo-slots,/games/yoyo-slots.html,YoYo Slots,Slots & 777,yoyo slots,secondary,yoyo slots android,navigational,H2 / spec table / body,NO
yoyo-slots,/games/yoyo-slots.html,YoYo Slots,Slots & 777,yoyo slots,secondary,yoyo slots latest version,navigational,H2 / spec table / body,NO
yoyo-slots,/games/yoyo-slots.html,YoYo Slots,Slots & 777,yoyo slots,secondary,yoyo slots login,transactional,H2 / spec table / body,NO
yoyo-slots,/games/yoyo-slots.html,YoYo Slots,Slots & 777,yoyo slots,long-tail,what is yoyo slots,informational,FAQ question or subsection,NO
yoyo-slots,/games/yoyo-slots.html,YoYo Slots,Slots & 777,yoyo slots,long-tail,how to play yoyo slots,informational,FAQ question or subsection,NO
yoyo-slots,/games/yoyo-slots.html,YoYo Slots,Slots & 777,yoyo slots,long-tail,yoyo slots how to download,informational,FAQ question or subsection,NO
yoyo-slots,/games/yoyo-slots.html,YoYo Slots,Slots & 777,yoyo slots,long-tail,is yoyo slots safe,informational,FAQ question or subsection,NO
yoyo-slots,/games/yoyo-slots.html,YoYo Slots,Slots & 777,yoyo slots,long-tail,yoyo slots app details,informational,FAQ question or subsection,NO
yoyo-slots,/games/yoyo-slots.html,YoYo Slots,Slots & 777,yoyo slots,long-tail,yoyo slots supported devices,informational,FAQ question or subsection,NO
yoyo-slots,/games/yoyo-slots.html,YoYo Slots,Slots & 777,yoyo slots,long-tail,yoyo slots beginner guide,informational,FAQ question or subsection,NO
yoyo-slots,/games/yoyo-slots.html,YoYo Slots,Slots & 777,yoyo slots,long-tail,yoyo slots game guide,informational,FAQ question or subsection,NO
yoyo-slots,/games/yoyo-slots.html,YoYo Slots,Slots & 777,yoyo slots,modifier,yoyo slots slots,commercial,body / category hub,NO
yoyo-slots,/games/yoyo-slots.html,YoYo Slots,Slots & 777,yoyo slots,modifier,best slots and 777 yono app,commercial,body / category hub,NO
club-inr,/games/club-inr.html,Club INR,Teen Patti & VIP Club,club inr,primary,club inr,navigational,H1 + title + intro,NO
club-inr,/games/club-inr.html,Club INR,Teen Patti & VIP Club,club inr,secondary,club inr app,navigational,H2 / spec table / body,NO
club-inr,/games/club-inr.html,Club INR,Teen Patti & VIP Club,club inr,secondary,club inr game,navigational,H2 / spec table / body,NO
club-inr,/games/club-inr.html,Club INR,Teen Patti & VIP Club,club inr,secondary,club inr download,transactional,H2 / spec table / body,NO
club-inr,/games/club-inr.html,Club INR,Teen Patti & VIP Club,club inr,secondary,club inr apk,transactional,H2 / spec table / body,NO
club-inr,/games/club-inr.html,Club INR,Teen Patti & VIP Club,club inr,secondary,club inr online,navigational,H2 / spec table / body,NO
club-inr,/games/club-inr.html,Club INR,Teen Patti & VIP Club,club inr,secondary,club inr android,navigational,H2 / spec table / body,NO
club-inr,/games/club-inr.html,Club INR,Teen Patti & VIP Club,club inr,secondary,club inr latest version,navigational,H2 / spec table / body,NO
club-inr,/games/club-inr.html,Club INR,Teen Patti & VIP Club,club inr,secondary,club inr login,transactional,H2 / spec table / body,NO
club-inr,/games/club-inr.html,Club INR,Teen Patti & VIP Club,club inr,long-tail,what is club inr,informational,FAQ question or subsection,NO
club-inr,/games/club-inr.html,Club INR,Teen Patti & VIP Club,club inr,long-tail,how to play club inr,informational,FAQ question or subsection,NO
club-inr,/games/club-inr.html,Club INR,Teen Patti & VIP Club,club inr,long-tail,club inr how to download,informational,FAQ question or subsection,NO
club-inr,/games/club-inr.html,Club INR,Teen Patti & VIP Club,club inr,long-tail,is club inr safe,informational,FAQ question or subsection,NO
club-inr,/games/club-inr.html,Club INR,Teen Patti & VIP Club,club inr,long-tail,club inr app details,informational,FAQ question or subsection,NO
club-inr,/games/club-inr.html,Club INR,Teen Patti & VIP Club,club inr,long-tail,club inr supported devices,informational,FAQ question or subsection,NO
club-inr,/games/club-inr.html,Club INR,Teen Patti & VIP Club,club inr,long-tail,club inr beginner guide,informational,FAQ question or subsection,NO
club-inr,/games/club-inr.html,Club INR,Teen Patti & VIP Club,club inr,long-tail,club inr game guide,informational,FAQ question or subsection,NO
club-inr,/games/club-inr.html,Club INR,Teen Patti & VIP Club,club inr,modifier,club inr teen,commercial,body / category hub,NO
club-inr,/games/club-inr.html,Club INR,Teen Patti & VIP Club,club inr,modifier,best teen patti and vip club yono app,commercial,body / category hub,NO
diwa-vip,/games/diwa-vip.html,Diwa VIP,Teen Patti & VIP Club,diwa vip,primary,diwa vip,navigational,H1 + title + intro,NO
diwa-vip,/games/diwa-vip.html,Diwa VIP,Teen Patti & VIP Club,diwa vip,secondary,diwa vip app,navigational,H2 / spec table / body,NO
diwa-vip,/games/diwa-vip.html,Diwa VIP,Teen Patti & VIP Club,diwa vip,secondary,diwa vip game,navigational,H2 / spec table / body,NO
diwa-vip,/games/diwa-vip.html,Diwa VIP,Teen Patti & VIP Club,diwa vip,secondary,diwa vip download,transactional,H2 / spec table / body,NO
diwa-vip,/games/diwa-vip.html,Diwa VIP,Teen Patti & VIP Club,diwa vip,secondary,diwa vip apk,transactional,H2 / spec table / body,NO
diwa-vip,/games/diwa-vip.html,Diwa VIP,Teen Patti & VIP Club,diwa vip,secondary,diwa vip online,navigational,H2 / spec table / body,NO
diwa-vip,/games/diwa-vip.html,Diwa VIP,Teen Patti & VIP Club,diwa vip,secondary,diwa vip android,navigational,H2 / spec table / body,NO
diwa-vip,/games/diwa-vip.html,Diwa VIP,Teen Patti & VIP Club,diwa vip,secondary,diwa vip latest version,navigational,H2 / spec table / body,NO
diwa-vip,/games/diwa-vip.html,Diwa VIP,Teen Patti & VIP Club,diwa vip,secondary,diwa vip login,transactional,H2 / spec table / body,NO
diwa-vip,/games/diwa-vip.html,Diwa VIP,Teen Patti & VIP Club,diwa vip,long-tail,what is diwa vip,informational,FAQ question or subsection,NO
diwa-vip,/games/diwa-vip.html,Diwa VIP,Teen Patti & VIP Club,diwa vip,long-tail,how to play diwa vip,informational,FAQ question or subsection,NO
diwa-vip,/games/diwa-vip.html,Diwa VIP,Teen Patti & VIP Club,diwa vip,long-tail,diwa vip how to download,informational,FAQ question or subsection,NO
diwa-vip,/games/diwa-vip.html,Diwa VIP,Teen Patti & VIP Club,diwa vip,long-tail,is diwa vip safe,informational,FAQ question or subsection,NO
diwa-vip,/games/diwa-vip.html,Diwa VIP,Teen Patti & VIP Club,diwa vip,long-tail,diwa vip app details,informational,FAQ question or subsection,NO
diwa-vip,/games/diwa-vip.html,Diwa VIP,Teen Patti & VIP Club,diwa vip,long-tail,diwa vip supported devices,informational,FAQ question or subsection,NO
diwa-vip,/games/diwa-vip.html,Diwa VIP,Teen Patti & VIP Club,diwa vip,long-tail,diwa vip beginner guide,informational,FAQ question or subsection,NO
diwa-vip,/games/diwa-vip.html,Diwa VIP,Teen Patti & VIP Club,diwa vip,long-tail,diwa vip game guide,informational,FAQ question or subsection,NO
diwa-vip,/games/diwa-vip.html,Diwa VIP,Teen Patti & VIP Club,diwa vip,modifier,diwa vip teen,commercial,body / category hub,NO
diwa-vip,/games/diwa-vip.html,Diwa VIP,Teen Patti & VIP Club,diwa vip,modifier,best teen patti and vip club yono app,commercial,body / category hub,NO
ind-club,/games/ind-club.html,Ind Club,Teen Patti & VIP Club,ind club,primary,ind club,navigational,H1 + title + intro,NO
ind-club,/games/ind-club.html,Ind Club,Teen Patti & VIP Club,ind club,secondary,ind club app,navigational,H2 / spec table / body,NO
ind-club,/games/ind-club.html,Ind Club,Teen Patti & VIP Club,ind club,secondary,ind club game,navigational,H2 / spec table / body,NO
ind-club,/games/ind-club.html,Ind Club,Teen Patti & VIP Club,ind club,secondary,ind club download,transactional,H2 / spec table / body,NO
ind-club,/games/ind-club.html,Ind Club,Teen Patti & VIP Club,ind club,secondary,ind club apk,transactional,H2 / spec table / body,NO
ind-club,/games/ind-club.html,Ind Club,Teen Patti & VIP Club,ind club,secondary,ind club online,navigational,H2 / spec table / body,NO
ind-club,/games/ind-club.html,Ind Club,Teen Patti & VIP Club,ind club,secondary,ind club android,navigational,H2 / spec table / body,NO
ind-club,/games/ind-club.html,Ind Club,Teen Patti & VIP Club,ind club,secondary,ind club latest version,navigational,H2 / spec table / body,NO
ind-club,/games/ind-club.html,Ind Club,Teen Patti & VIP Club,ind club,secondary,ind club login,transactional,H2 / spec table / body,NO
ind-club,/games/ind-club.html,Ind Club,Teen Patti & VIP Club,ind club,long-tail,what is ind club,informational,FAQ question or subsection,NO
ind-club,/games/ind-club.html,Ind Club,Teen Patti & VIP Club,ind club,long-tail,how to play ind club,informational,FAQ question or subsection,NO
ind-club,/games/ind-club.html,Ind Club,Teen Patti & VIP Club,ind club,long-tail,ind club how to download,informational,FAQ question or subsection,NO
ind-club,/games/ind-club.html,Ind Club,Teen Patti & VIP Club,ind club,long-tail,is ind club safe,informational,FAQ question or subsection,NO
ind-club,/games/ind-club.html,Ind Club,Teen Patti & VIP Club,ind club,long-tail,ind club app details,informational,FAQ question or subsection,NO
ind-club,/games/ind-club.html,Ind Club,Teen Patti & VIP Club,ind club,long-tail,ind club supported devices,informational,FAQ question or subsection,NO
ind-club,/games/ind-club.html,Ind Club,Teen Patti & VIP Club,ind club,long-tail,ind club beginner guide,informational,FAQ question or subsection,NO
ind-club,/games/ind-club.html,Ind Club,Teen Patti & VIP Club,ind club,long-tail,ind club game guide,informational,FAQ question or subsection,NO
ind-club,/games/ind-club.html,Ind Club,Teen Patti & VIP Club,ind club,modifier,ind club teen,commercial,body / category hub,NO
ind-club,/games/ind-club.html,Ind Club,Teen Patti & VIP Club,ind club,modifier,best teen patti and vip club yono app,commercial,body / category hub,NO
jai-club,/games/jai-club.html,Jai Club,Teen Patti & VIP Club,jai club,primary,jai club,navigational,H1 + title + intro,NO
jai-club,/games/jai-club.html,Jai Club,Teen Patti & VIP Club,jai club,secondary,jai club app,navigational,H2 / spec table / body,NO
jai-club,/games/jai-club.html,Jai Club,Teen Patti & VIP Club,jai club,secondary,jai club game,navigational,H2 / spec table / body,NO
jai-club,/games/jai-club.html,Jai Club,Teen Patti & VIP Club,jai club,secondary,jai club download,transactional,H2 / spec table / body,NO
jai-club,/games/jai-club.html,Jai Club,Teen Patti & VIP Club,jai club,secondary,jai club apk,transactional,H2 / spec table / body,NO
jai-club,/games/jai-club.html,Jai Club,Teen Patti & VIP Club,jai club,secondary,jai club online,navigational,H2 / spec table / body,NO
jai-club,/games/jai-club.html,Jai Club,Teen Patti & VIP Club,jai club,secondary,jai club android,navigational,H2 / spec table / body,NO
jai-club,/games/jai-club.html,Jai Club,Teen Patti & VIP Club,jai club,secondary,jai club latest version,navigational,H2 / spec table / body,NO
jai-club,/games/jai-club.html,Jai Club,Teen Patti & VIP Club,jai club,secondary,jai club login,transactional,H2 / spec table / body,NO
jai-club,/games/jai-club.html,Jai Club,Teen Patti & VIP Club,jai club,long-tail,what is jai club,informational,FAQ question or subsection,NO
jai-club,/games/jai-club.html,Jai Club,Teen Patti & VIP Club,jai club,long-tail,how to play jai club,informational,FAQ question or subsection,NO
jai-club,/games/jai-club.html,Jai Club,Teen Patti & VIP Club,jai club,long-tail,jai club how to download,informational,FAQ question or subsection,NO
jai-club,/games/jai-club.html,Jai Club,Teen Patti & VIP Club,jai club,long-tail,is jai club safe,informational,FAQ question or subsection,NO
jai-club,/games/jai-club.html,Jai Club,Teen Patti & VIP Club,jai club,long-tail,jai club app details,informational,FAQ question or subsection,NO
jai-club,/games/jai-club.html,Jai Club,Teen Patti & VIP Club,jai club,long-tail,jai club supported devices,informational,FAQ question or subsection,NO
jai-club,/games/jai-club.html,Jai Club,Teen Patti & VIP Club,jai club,long-tail,jai club beginner guide,informational,FAQ question or subsection,NO
jai-club,/games/jai-club.html,Jai Club,Teen Patti & VIP Club,jai club,long-tail,jai club game guide,informational,FAQ question or subsection,NO
jai-club,/games/jai-club.html,Jai Club,Teen Patti & VIP Club,jai club,modifier,jai club teen,commercial,body / category hub,NO
jai-club,/games/jai-club.html,Jai Club,Teen Patti & VIP Club,jai club,modifier,best teen patti and vip club yono app,commercial,body / category hub,NO
neta-vip,/games/neta-vip.html,Neta VIP,Teen Patti & VIP Club,neta vip,primary,neta vip,navigational,H1 + title + intro,NO
neta-vip,/games/neta-vip.html,Neta VIP,Teen Patti & VIP Club,neta vip,secondary,neta vip app,navigational,H2 / spec table / body,NO
neta-vip,/games/neta-vip.html,Neta VIP,Teen Patti & VIP Club,neta vip,secondary,neta vip game,navigational,H2 / spec table / body,NO
neta-vip,/games/neta-vip.html,Neta VIP,Teen Patti & VIP Club,neta vip,secondary,neta vip download,transactional,H2 / spec table / body,NO
neta-vip,/games/neta-vip.html,Neta VIP,Teen Patti & VIP Club,neta vip,secondary,neta vip apk,transactional,H2 / spec table / body,NO
neta-vip,/games/neta-vip.html,Neta VIP,Teen Patti & VIP Club,neta vip,secondary,neta vip online,navigational,H2 / spec table / body,NO
neta-vip,/games/neta-vip.html,Neta VIP,Teen Patti & VIP Club,neta vip,secondary,neta vip android,navigational,H2 / spec table / body,NO
neta-vip,/games/neta-vip.html,Neta VIP,Teen Patti & VIP Club,neta vip,secondary,neta vip latest version,navigational,H2 / spec table / body,NO
neta-vip,/games/neta-vip.html,Neta VIP,Teen Patti & VIP Club,neta vip,secondary,neta vip login,transactional,H2 / spec table / body,NO
neta-vip,/games/neta-vip.html,Neta VIP,Teen Patti & VIP Club,neta vip,long-tail,what is neta vip,informational,FAQ question or subsection,NO
neta-vip,/games/neta-vip.html,Neta VIP,Teen Patti & VIP Club,neta vip,long-tail,how to play neta vip,informational,FAQ question or subsection,NO
neta-vip,/games/neta-vip.html,Neta VIP,Teen Patti & VIP Club,neta vip,long-tail,neta vip how to download,informational,FAQ question or subsection,NO
neta-vip,/games/neta-vip.html,Neta VIP,Teen Patti & VIP Club,neta vip,long-tail,is neta vip safe,informational,FAQ question or subsection,NO
neta-vip,/games/neta-vip.html,Neta VIP,Teen Patti & VIP Club,neta vip,long-tail,neta vip app details,informational,FAQ question or subsection,NO
neta-vip,/games/neta-vip.html,Neta VIP,Teen Patti & VIP Club,neta vip,long-tail,neta vip supported devices,informational,FAQ question or subsection,NO
neta-vip,/games/neta-vip.html,Neta VIP,Teen Patti & VIP Club,neta vip,long-tail,neta vip beginner guide,informational,FAQ question or subsection,NO
neta-vip,/games/neta-vip.html,Neta VIP,Teen Patti & VIP Club,neta vip,long-tail,neta vip game guide,informational,FAQ question or subsection,NO
neta-vip,/games/neta-vip.html,Neta VIP,Teen Patti & VIP Club,neta vip,modifier,neta vip teen,commercial,body / category hub,NO
neta-vip,/games/neta-vip.html,Neta VIP,Teen Patti & VIP Club,neta vip,modifier,best teen patti and vip club yono app,commercial,body / category hub,NO
teen-patti-master,/games/teen-patti-master.html,Teen Patti Master,Teen Patti & VIP Club,teen patti master,primary,teen patti master,navigational,H1 + title + intro,NO
teen-patti-master,/games/teen-patti-master.html,Teen Patti Master,Teen Patti & VIP Club,teen patti master,secondary,teen patti master app,navigational,H2 / spec table / body,NO
teen-patti-master,/games/teen-patti-master.html,Teen Patti Master,Teen Patti & VIP Club,teen patti master,secondary,teen patti master game,navigational,H2 / spec table / body,NO
teen-patti-master,/games/teen-patti-master.html,Teen Patti Master,Teen Patti & VIP Club,teen patti master,secondary,teen patti master download,transactional,H2 / spec table / body,NO
teen-patti-master,/games/teen-patti-master.html,Teen Patti Master,Teen Patti & VIP Club,teen patti master,secondary,teen patti master apk,transactional,H2 / spec table / body,NO
teen-patti-master,/games/teen-patti-master.html,Teen Patti Master,Teen Patti & VIP Club,teen patti master,secondary,teen patti master online,navigational,H2 / spec table / body,NO
teen-patti-master,/games/teen-patti-master.html,Teen Patti Master,Teen Patti & VIP Club,teen patti master,secondary,teen patti master android,navigational,H2 / spec table / body,NO
teen-patti-master,/games/teen-patti-master.html,Teen Patti Master,Teen Patti & VIP Club,teen patti master,secondary,teen patti master latest version,navigational,H2 / spec table / body,NO
teen-patti-master,/games/teen-patti-master.html,Teen Patti Master,Teen Patti & VIP Club,teen patti master,secondary,teen patti master login,transactional,H2 / spec table / body,NO
teen-patti-master,/games/teen-patti-master.html,Teen Patti Master,Teen Patti & VIP Club,teen patti master,long-tail,what is teen patti master,informational,FAQ question or subsection,NO
teen-patti-master,/games/teen-patti-master.html,Teen Patti Master,Teen Patti & VIP Club,teen patti master,long-tail,how to play teen patti master,informational,FAQ question or subsection,NO
teen-patti-master,/games/teen-patti-master.html,Teen Patti Master,Teen Patti & VIP Club,teen patti master,long-tail,teen patti master how to download,informational,FAQ question or subsection,NO
teen-patti-master,/games/teen-patti-master.html,Teen Patti Master,Teen Patti & VIP Club,teen patti master,long-tail,is teen patti master safe,informational,FAQ question or subsection,NO
teen-patti-master,/games/teen-patti-master.html,Teen Patti Master,Teen Patti & VIP Club,teen patti master,long-tail,teen patti master app details,informational,FAQ question or subsection,NO
teen-patti-master,/games/teen-patti-master.html,Teen Patti Master,Teen Patti & VIP Club,teen patti master,long-tail,teen patti master supported devices,informational,FAQ question or subsection,NO
teen-patti-master,/games/teen-patti-master.html,Teen Patti Master,Teen Patti & VIP Club,teen patti master,long-tail,teen patti master beginner guide,informational,FAQ question or subsection,NO
teen-patti-master,/games/teen-patti-master.html,Teen Patti Master,Teen Patti & VIP Club,teen patti master,long-tail,teen patti master game guide,informational,FAQ question or subsection,NO
teen-patti-master,/games/teen-patti-master.html,Teen Patti Master,Teen Patti & VIP Club,teen patti master,modifier,teen patti master teen,commercial,body / category hub,NO
teen-patti-master,/games/teen-patti-master.html,Teen Patti Master,Teen Patti & VIP Club,teen patti master,modifier,best teen patti and vip club yono app,commercial,body / category hub,NO
yono-vip,/games/yono-vip.html,Yono VIP,Teen Patti & VIP Club,yono vip,primary,yono vip,navigational,H1 + title + intro,NO
yono-vip,/games/yono-vip.html,Yono VIP,Teen Patti & VIP Club,yono vip,secondary,yono vip app,navigational,H2 / spec table / body,NO
yono-vip,/games/yono-vip.html,Yono VIP,Teen Patti & VIP Club,yono vip,secondary,yono vip game,navigational,H2 / spec table / body,NO
yono-vip,/games/yono-vip.html,Yono VIP,Teen Patti & VIP Club,yono vip,secondary,yono vip download,transactional,H2 / spec table / body,NO
yono-vip,/games/yono-vip.html,Yono VIP,Teen Patti & VIP Club,yono vip,secondary,yono vip apk,transactional,H2 / spec table / body,NO
yono-vip,/games/yono-vip.html,Yono VIP,Teen Patti & VIP Club,yono vip,secondary,yono vip online,navigational,H2 / spec table / body,NO
yono-vip,/games/yono-vip.html,Yono VIP,Teen Patti & VIP Club,yono vip,secondary,yono vip android,navigational,H2 / spec table / body,NO
yono-vip,/games/yono-vip.html,Yono VIP,Teen Patti & VIP Club,yono vip,secondary,yono vip latest version,navigational,H2 / spec table / body,NO
yono-vip,/games/yono-vip.html,Yono VIP,Teen Patti & VIP Club,yono vip,secondary,yono vip login,transactional,H2 / spec table / body,NO
yono-vip,/games/yono-vip.html,Yono VIP,Teen Patti & VIP Club,yono vip,long-tail,what is yono vip,informational,FAQ question or subsection,NO
yono-vip,/games/yono-vip.html,Yono VIP,Teen Patti & VIP Club,yono vip,long-tail,how to play yono vip,informational,FAQ question or subsection,NO
yono-vip,/games/yono-vip.html,Yono VIP,Teen Patti & VIP Club,yono vip,long-tail,yono vip how to download,informational,FAQ question or subsection,NO
yono-vip,/games/yono-vip.html,Yono VIP,Teen Patti & VIP Club,yono vip,long-tail,is yono vip safe,informational,FAQ question or subsection,NO
yono-vip,/games/yono-vip.html,Yono VIP,Teen Patti & VIP Club,yono vip,long-tail,yono vip app details,informational,FAQ question or subsection,NO
yono-vip,/games/yono-vip.html,Yono VIP,Teen Patti & VIP Club,yono vip,long-tail,yono vip supported devices,informational,FAQ question or subsection,NO
yono-vip,/games/yono-vip.html,Yono VIP,Teen Patti & VIP Club,yono vip,long-tail,yono vip beginner guide,informational,FAQ question or subsection,NO
yono-vip,/games/yono-vip.html,Yono VIP,Teen Patti & VIP Club,yono vip,long-tail,yono vip game guide,informational,FAQ question or subsection,NO
yono-vip,/games/yono-vip.html,Yono VIP,Teen Patti & VIP Club,yono vip,modifier,yono vip teen,commercial,body / category hub,NO
yono-vip,/games/yono-vip.html,Yono VIP,Teen Patti & VIP Club,yono vip,modifier,best teen patti and vip club yono app,commercial,body / category hub,NO
dhan-game,/games/dhan-game.html,Dhan Game,Arcade & Casual,dhan game,primary,dhan game,navigational,H1 + title + intro,NO
dhan-game,/games/dhan-game.html,Dhan Game,Arcade & Casual,dhan game,secondary,dhan game app,navigational,H2 / spec table / body,NO
dhan-game,/games/dhan-game.html,Dhan Game,Arcade & Casual,dhan game,secondary,dhan game game,navigational,H2 / spec table / body,NO
dhan-game,/games/dhan-game.html,Dhan Game,Arcade & Casual,dhan game,secondary,dhan game download,transactional,H2 / spec table / body,NO
dhan-game,/games/dhan-game.html,Dhan Game,Arcade & Casual,dhan game,secondary,dhan game apk,transactional,H2 / spec table / body,NO
dhan-game,/games/dhan-game.html,Dhan Game,Arcade & Casual,dhan game,secondary,dhan game online,navigational,H2 / spec table / body,NO
dhan-game,/games/dhan-game.html,Dhan Game,Arcade & Casual,dhan game,secondary,dhan game android,navigational,H2 / spec table / body,NO
dhan-game,/games/dhan-game.html,Dhan Game,Arcade & Casual,dhan game,secondary,dhan game latest version,navigational,H2 / spec table / body,NO
dhan-game,/games/dhan-game.html,Dhan Game,Arcade & Casual,dhan game,secondary,dhan game login,transactional,H2 / spec table / body,NO
dhan-game,/games/dhan-game.html,Dhan Game,Arcade & Casual,dhan game,long-tail,what is dhan game,informational,FAQ question or subsection,NO
dhan-game,/games/dhan-game.html,Dhan Game,Arcade & Casual,dhan game,long-tail,how to play dhan game,informational,FAQ question or subsection,NO
dhan-game,/games/dhan-game.html,Dhan Game,Arcade & Casual,dhan game,long-tail,dhan game how to download,informational,FAQ question or subsection,NO
dhan-game,/games/dhan-game.html,Dhan Game,Arcade & Casual,dhan game,long-tail,is dhan game safe,informational,FAQ question or subsection,NO
dhan-game,/games/dhan-game.html,Dhan Game,Arcade & Casual,dhan game,long-tail,dhan game app details,informational,FAQ question or subsection,NO
dhan-game,/games/dhan-game.html,Dhan Game,Arcade & Casual,dhan game,long-tail,dhan game supported devices,informational,FAQ question or subsection,NO
dhan-game,/games/dhan-game.html,Dhan Game,Arcade & Casual,dhan game,long-tail,dhan game beginner guide,informational,FAQ question or subsection,NO
dhan-game,/games/dhan-game.html,Dhan Game,Arcade & Casual,dhan game,long-tail,dhan game game guide,informational,FAQ question or subsection,NO
dhan-game,/games/dhan-game.html,Dhan Game,Arcade & Casual,dhan game,modifier,dhan game arcade,commercial,body / category hub,NO
dhan-game,/games/dhan-game.html,Dhan Game,Arcade & Casual,dhan game,modifier,best arcade and casual yono app,commercial,body / category hub,NO
diwa-game,/games/diwa-game.html,Diwa Game,Arcade & Casual,diwa game,primary,diwa game,navigational,H1 + title + intro,NO
diwa-game,/games/diwa-game.html,Diwa Game,Arcade & Casual,diwa game,secondary,diwa game app,navigational,H2 / spec table / body,NO
diwa-game,/games/diwa-game.html,Diwa Game,Arcade & Casual,diwa game,secondary,diwa game game,navigational,H2 / spec table / body,NO
diwa-game,/games/diwa-game.html,Diwa Game,Arcade & Casual,diwa game,secondary,diwa game download,transactional,H2 / spec table / body,NO
diwa-game,/games/diwa-game.html,Diwa Game,Arcade & Casual,diwa game,secondary,diwa game apk,transactional,H2 / spec table / body,NO
diwa-game,/games/diwa-game.html,Diwa Game,Arcade & Casual,diwa game,secondary,diwa game online,navigational,H2 / spec table / body,NO
diwa-game,/games/diwa-game.html,Diwa Game,Arcade & Casual,diwa game,secondary,diwa game android,navigational,H2 / spec table / body,NO
diwa-game,/games/diwa-game.html,Diwa Game,Arcade & Casual,diwa game,secondary,diwa game latest version,navigational,H2 / spec table / body,NO
diwa-game,/games/diwa-game.html,Diwa Game,Arcade & Casual,diwa game,secondary,diwa game login,transactional,H2 / spec table / body,NO
diwa-game,/games/diwa-game.html,Diwa Game,Arcade & Casual,diwa game,long-tail,what is diwa game,informational,FAQ question or subsection,NO
diwa-game,/games/diwa-game.html,Diwa Game,Arcade & Casual,diwa game,long-tail,how to play diwa game,informational,FAQ question or subsection,NO
diwa-game,/games/diwa-game.html,Diwa Game,Arcade & Casual,diwa game,long-tail,diwa game how to download,informational,FAQ question or subsection,NO
diwa-game,/games/diwa-game.html,Diwa Game,Arcade & Casual,diwa game,long-tail,is diwa game safe,informational,FAQ question or subsection,NO
diwa-game,/games/diwa-game.html,Diwa Game,Arcade & Casual,diwa game,long-tail,diwa game app details,informational,FAQ question or subsection,NO
diwa-game,/games/diwa-game.html,Diwa Game,Arcade & Casual,diwa game,long-tail,diwa game supported devices,informational,FAQ question or subsection,NO
diwa-game,/games/diwa-game.html,Diwa Game,Arcade & Casual,diwa game,long-tail,diwa game beginner guide,informational,FAQ question or subsection,NO
diwa-game,/games/diwa-game.html,Diwa Game,Arcade & Casual,diwa game,long-tail,diwa game game guide,informational,FAQ question or subsection,NO
diwa-game,/games/diwa-game.html,Diwa Game,Arcade & Casual,diwa game,modifier,diwa game arcade,commercial,body / category hub,NO
diwa-game,/games/diwa-game.html,Diwa Game,Arcade & Casual,diwa game,modifier,best arcade and casual yono app,commercial,body / category hub,NO
diwa-king,/games/diwa-king.html,Diwa King,Arcade & Casual,diwa king,primary,diwa king,navigational,H1 + title + intro,NO
diwa-king,/games/diwa-king.html,Diwa King,Arcade & Casual,diwa king,secondary,diwa king app,navigational,H2 / spec table / body,NO
diwa-king,/games/diwa-king.html,Diwa King,Arcade & Casual,diwa king,secondary,diwa king game,navigational,H2 / spec table / body,NO
diwa-king,/games/diwa-king.html,Diwa King,Arcade & Casual,diwa king,secondary,diwa king download,transactional,H2 / spec table / body,NO
diwa-king,/games/diwa-king.html,Diwa King,Arcade & Casual,diwa king,secondary,diwa king apk,transactional,H2 / spec table / body,NO
diwa-king,/games/diwa-king.html,Diwa King,Arcade & Casual,diwa king,secondary,diwa king online,navigational,H2 / spec table / body,NO
diwa-king,/games/diwa-king.html,Diwa King,Arcade & Casual,diwa king,secondary,diwa king android,navigational,H2 / spec table / body,NO
diwa-king,/games/diwa-king.html,Diwa King,Arcade & Casual,diwa king,secondary,diwa king latest version,navigational,H2 / spec table / body,NO
diwa-king,/games/diwa-king.html,Diwa King,Arcade & Casual,diwa king,secondary,diwa king login,transactional,H2 / spec table / body,NO
diwa-king,/games/diwa-king.html,Diwa King,Arcade & Casual,diwa king,long-tail,what is diwa king,informational,FAQ question or subsection,NO
diwa-king,/games/diwa-king.html,Diwa King,Arcade & Casual,diwa king,long-tail,how to play diwa king,informational,FAQ question or subsection,NO
diwa-king,/games/diwa-king.html,Diwa King,Arcade & Casual,diwa king,long-tail,diwa king how to download,informational,FAQ question or subsection,NO
diwa-king,/games/diwa-king.html,Diwa King,Arcade & Casual,diwa king,long-tail,is diwa king safe,informational,FAQ question or subsection,NO
diwa-king,/games/diwa-king.html,Diwa King,Arcade & Casual,diwa king,long-tail,diwa king app details,informational,FAQ question or subsection,NO
diwa-king,/games/diwa-king.html,Diwa King,Arcade & Casual,diwa king,long-tail,diwa king supported devices,informational,FAQ question or subsection,NO
diwa-king,/games/diwa-king.html,Diwa King,Arcade & Casual,diwa king,long-tail,diwa king beginner guide,informational,FAQ question or subsection,NO
diwa-king,/games/diwa-king.html,Diwa King,Arcade & Casual,diwa king,long-tail,diwa king game guide,informational,FAQ question or subsection,NO
diwa-king,/games/diwa-king.html,Diwa King,Arcade & Casual,diwa king,modifier,diwa king arcade,commercial,body / category hub,NO
diwa-king,/games/diwa-king.html,Diwa King,Arcade & Casual,diwa king,modifier,best arcade and casual yono app,commercial,body / category hub,NO
diwa-lucky,/games/diwa-lucky.html,Diwa Lucky,Arcade & Casual,diwa lucky,primary,diwa lucky,navigational,H1 + title + intro,NO
diwa-lucky,/games/diwa-lucky.html,Diwa Lucky,Arcade & Casual,diwa lucky,secondary,diwa lucky app,navigational,H2 / spec table / body,NO
diwa-lucky,/games/diwa-lucky.html,Diwa Lucky,Arcade & Casual,diwa lucky,secondary,diwa lucky game,navigational,H2 / spec table / body,NO
diwa-lucky,/games/diwa-lucky.html,Diwa Lucky,Arcade & Casual,diwa lucky,secondary,diwa lucky download,transactional,H2 / spec table / body,NO
diwa-lucky,/games/diwa-lucky.html,Diwa Lucky,Arcade & Casual,diwa lucky,secondary,diwa lucky apk,transactional,H2 / spec table / body,NO
diwa-lucky,/games/diwa-lucky.html,Diwa Lucky,Arcade & Casual,diwa lucky,secondary,diwa lucky online,navigational,H2 / spec table / body,NO
diwa-lucky,/games/diwa-lucky.html,Diwa Lucky,Arcade & Casual,diwa lucky,secondary,diwa lucky android,navigational,H2 / spec table / body,NO
diwa-lucky,/games/diwa-lucky.html,Diwa Lucky,Arcade & Casual,diwa lucky,secondary,diwa lucky latest version,navigational,H2 / spec table / body,NO
diwa-lucky,/games/diwa-lucky.html,Diwa Lucky,Arcade & Casual,diwa lucky,secondary,diwa lucky login,transactional,H2 / spec table / body,NO
diwa-lucky,/games/diwa-lucky.html,Diwa Lucky,Arcade & Casual,diwa lucky,long-tail,what is diwa lucky,informational,FAQ question or subsection,NO
diwa-lucky,/games/diwa-lucky.html,Diwa Lucky,Arcade & Casual,diwa lucky,long-tail,how to play diwa lucky,informational,FAQ question or subsection,NO
diwa-lucky,/games/diwa-lucky.html,Diwa Lucky,Arcade & Casual,diwa lucky,long-tail,diwa lucky how to download,informational,FAQ question or subsection,NO
diwa-lucky,/games/diwa-lucky.html,Diwa Lucky,Arcade & Casual,diwa lucky,long-tail,is diwa lucky safe,informational,FAQ question or subsection,NO
diwa-lucky,/games/diwa-lucky.html,Diwa Lucky,Arcade & Casual,diwa lucky,long-tail,diwa lucky app details,informational,FAQ question or subsection,NO
diwa-lucky,/games/diwa-lucky.html,Diwa Lucky,Arcade & Casual,diwa lucky,long-tail,diwa lucky supported devices,informational,FAQ question or subsection,NO
diwa-lucky,/games/diwa-lucky.html,Diwa Lucky,Arcade & Casual,diwa lucky,long-tail,diwa lucky beginner guide,informational,FAQ question or subsection,NO
diwa-lucky,/games/diwa-lucky.html,Diwa Lucky,Arcade & Casual,diwa lucky,long-tail,diwa lucky game guide,informational,FAQ question or subsection,NO
diwa-lucky,/games/diwa-lucky.html,Diwa Lucky,Arcade & Casual,diwa lucky,modifier,diwa lucky arcade,commercial,body / category hub,NO
diwa-lucky,/games/diwa-lucky.html,Diwa Lucky,Arcade & Casual,diwa lucky,modifier,best arcade and casual yono app,commercial,body / category hub,NO
diwa-play,/games/diwa-play.html,Diwa Play,Arcade & Casual,diwa play,primary,diwa play,navigational,H1 + title + intro,NO
diwa-play,/games/diwa-play.html,Diwa Play,Arcade & Casual,diwa play,secondary,diwa play app,navigational,H2 / spec table / body,NO
diwa-play,/games/diwa-play.html,Diwa Play,Arcade & Casual,diwa play,secondary,diwa play game,navigational,H2 / spec table / body,NO
diwa-play,/games/diwa-play.html,Diwa Play,Arcade & Casual,diwa play,secondary,diwa play download,transactional,H2 / spec table / body,NO
diwa-play,/games/diwa-play.html,Diwa Play,Arcade & Casual,diwa play,secondary,diwa play apk,transactional,H2 / spec table / body,NO
diwa-play,/games/diwa-play.html,Diwa Play,Arcade & Casual,diwa play,secondary,diwa play online,navigational,H2 / spec table / body,NO
diwa-play,/games/diwa-play.html,Diwa Play,Arcade & Casual,diwa play,secondary,diwa play android,navigational,H2 / spec table / body,NO
diwa-play,/games/diwa-play.html,Diwa Play,Arcade & Casual,diwa play,secondary,diwa play latest version,navigational,H2 / spec table / body,NO
diwa-play,/games/diwa-play.html,Diwa Play,Arcade & Casual,diwa play,secondary,diwa play login,transactional,H2 / spec table / body,NO
diwa-play,/games/diwa-play.html,Diwa Play,Arcade & Casual,diwa play,long-tail,what is diwa play,informational,FAQ question or subsection,NO
diwa-play,/games/diwa-play.html,Diwa Play,Arcade & Casual,diwa play,long-tail,how to play diwa play,informational,FAQ question or subsection,NO
diwa-play,/games/diwa-play.html,Diwa Play,Arcade & Casual,diwa play,long-tail,diwa play how to download,informational,FAQ question or subsection,NO
diwa-play,/games/diwa-play.html,Diwa Play,Arcade & Casual,diwa play,long-tail,is diwa play safe,informational,FAQ question or subsection,NO
diwa-play,/games/diwa-play.html,Diwa Play,Arcade & Casual,diwa play,long-tail,diwa play app details,informational,FAQ question or subsection,NO
diwa-play,/games/diwa-play.html,Diwa Play,Arcade & Casual,diwa play,long-tail,diwa play supported devices,informational,FAQ question or subsection,NO
diwa-play,/games/diwa-play.html,Diwa Play,Arcade & Casual,diwa play,long-tail,diwa play beginner guide,informational,FAQ question or subsection,NO
diwa-play,/games/diwa-play.html,Diwa Play,Arcade & Casual,diwa play,long-tail,diwa play game guide,informational,FAQ question or subsection,NO
diwa-play,/games/diwa-play.html,Diwa Play,Arcade & Casual,diwa play,modifier,diwa play arcade,commercial,body / category hub,NO
diwa-play,/games/diwa-play.html,Diwa Play,Arcade & Casual,diwa play,modifier,best arcade and casual yono app,commercial,body / category hub,NO
diwa-top,/games/diwa-top.html,Diwa Top,Arcade & Casual,diwa top,primary,diwa top,navigational,H1 + title + intro,NO
diwa-top,/games/diwa-top.html,Diwa Top,Arcade & Casual,diwa top,secondary,diwa top app,navigational,H2 / spec table / body,NO
diwa-top,/games/diwa-top.html,Diwa Top,Arcade & Casual,diwa top,secondary,diwa top game,navigational,H2 / spec table / body,NO
diwa-top,/games/diwa-top.html,Diwa Top,Arcade & Casual,diwa top,secondary,diwa top download,transactional,H2 / spec table / body,NO
diwa-top,/games/diwa-top.html,Diwa Top,Arcade & Casual,diwa top,secondary,diwa top apk,transactional,H2 / spec table / body,NO
diwa-top,/games/diwa-top.html,Diwa Top,Arcade & Casual,diwa top,secondary,diwa top online,navigational,H2 / spec table / body,NO
diwa-top,/games/diwa-top.html,Diwa Top,Arcade & Casual,diwa top,secondary,diwa top android,navigational,H2 / spec table / body,NO
diwa-top,/games/diwa-top.html,Diwa Top,Arcade & Casual,diwa top,secondary,diwa top latest version,navigational,H2 / spec table / body,NO
diwa-top,/games/diwa-top.html,Diwa Top,Arcade & Casual,diwa top,secondary,diwa top login,transactional,H2 / spec table / body,NO
diwa-top,/games/diwa-top.html,Diwa Top,Arcade & Casual,diwa top,long-tail,what is diwa top,informational,FAQ question or subsection,NO
diwa-top,/games/diwa-top.html,Diwa Top,Arcade & Casual,diwa top,long-tail,how to play diwa top,informational,FAQ question or subsection,NO
diwa-top,/games/diwa-top.html,Diwa Top,Arcade & Casual,diwa top,long-tail,diwa top how to download,informational,FAQ question or subsection,NO
diwa-top,/games/diwa-top.html,Diwa Top,Arcade & Casual,diwa top,long-tail,is diwa top safe,informational,FAQ question or subsection,NO
diwa-top,/games/diwa-top.html,Diwa Top,Arcade & Casual,diwa top,long-tail,diwa top app details,informational,FAQ question or subsection,NO
diwa-top,/games/diwa-top.html,Diwa Top,Arcade & Casual,diwa top,long-tail,diwa top supported devices,informational,FAQ question or subsection,NO
diwa-top,/games/diwa-top.html,Diwa Top,Arcade & Casual,diwa top,long-tail,diwa top beginner guide,informational,FAQ question or subsection,NO
diwa-top,/games/diwa-top.html,Diwa Top,Arcade & Casual,diwa top,long-tail,diwa top game guide,informational,FAQ question or subsection,NO
diwa-top,/games/diwa-top.html,Diwa Top,Arcade & Casual,diwa top,modifier,diwa top arcade,commercial,body / category hub,NO
diwa-top,/games/diwa-top.html,Diwa Top,Arcade & Casual,diwa top,modifier,best arcade and casual yono app,commercial,body / category hub,NO
diwa-win,/games/diwa-win.html,Diwa Win,Arcade & Casual,diwa win,primary,diwa win,navigational,H1 + title + intro,NO
diwa-win,/games/diwa-win.html,Diwa Win,Arcade & Casual,diwa win,secondary,diwa win app,navigational,H2 / spec table / body,NO
diwa-win,/games/diwa-win.html,Diwa Win,Arcade & Casual,diwa win,secondary,diwa win game,navigational,H2 / spec table / body,NO
diwa-win,/games/diwa-win.html,Diwa Win,Arcade & Casual,diwa win,secondary,diwa win download,transactional,H2 / spec table / body,NO
diwa-win,/games/diwa-win.html,Diwa Win,Arcade & Casual,diwa win,secondary,diwa win apk,transactional,H2 / spec table / body,NO
diwa-win,/games/diwa-win.html,Diwa Win,Arcade & Casual,diwa win,secondary,diwa win online,navigational,H2 / spec table / body,NO
diwa-win,/games/diwa-win.html,Diwa Win,Arcade & Casual,diwa win,secondary,diwa win android,navigational,H2 / spec table / body,NO
diwa-win,/games/diwa-win.html,Diwa Win,Arcade & Casual,diwa win,secondary,diwa win latest version,navigational,H2 / spec table / body,NO
diwa-win,/games/diwa-win.html,Diwa Win,Arcade & Casual,diwa win,secondary,diwa win login,transactional,H2 / spec table / body,NO
diwa-win,/games/diwa-win.html,Diwa Win,Arcade & Casual,diwa win,long-tail,what is diwa win,informational,FAQ question or subsection,NO
diwa-win,/games/diwa-win.html,Diwa Win,Arcade & Casual,diwa win,long-tail,how to play diwa win,informational,FAQ question or subsection,NO
diwa-win,/games/diwa-win.html,Diwa Win,Arcade & Casual,diwa win,long-tail,diwa win how to download,informational,FAQ question or subsection,NO
diwa-win,/games/diwa-win.html,Diwa Win,Arcade & Casual,diwa win,long-tail,is diwa win safe,informational,FAQ question or subsection,NO
diwa-win,/games/diwa-win.html,Diwa Win,Arcade & Casual,diwa win,long-tail,diwa win app details,informational,FAQ question or subsection,NO
diwa-win,/games/diwa-win.html,Diwa Win,Arcade & Casual,diwa win,long-tail,diwa win supported devices,informational,FAQ question or subsection,NO
diwa-win,/games/diwa-win.html,Diwa Win,Arcade & Casual,diwa win,long-tail,diwa win beginner guide,informational,FAQ question or subsection,NO
diwa-win,/games/diwa-win.html,Diwa Win,Arcade & Casual,diwa win,long-tail,diwa win game guide,informational,FAQ question or subsection,NO
diwa-win,/games/diwa-win.html,Diwa Win,Arcade & Casual,diwa win,modifier,diwa win arcade,commercial,body / category hub,NO
diwa-win,/games/diwa-win.html,Diwa Win,Arcade & Casual,diwa win,modifier,best arcade and casual yono app,commercial,body / category hub,NO
jaiho-arcade,/games/jaiho-arcade.html,JaiHo Arcade,Arcade & Casual,jaiho arcade,primary,jaiho arcade,navigational,H1 + title + intro,NO
jaiho-arcade,/games/jaiho-arcade.html,JaiHo Arcade,Arcade & Casual,jaiho arcade,secondary,jaiho arcade app,navigational,H2 / spec table / body,NO
jaiho-arcade,/games/jaiho-arcade.html,JaiHo Arcade,Arcade & Casual,jaiho arcade,secondary,jaiho arcade game,navigational,H2 / spec table / body,NO
jaiho-arcade,/games/jaiho-arcade.html,JaiHo Arcade,Arcade & Casual,jaiho arcade,secondary,jaiho arcade download,transactional,H2 / spec table / body,NO
jaiho-arcade,/games/jaiho-arcade.html,JaiHo Arcade,Arcade & Casual,jaiho arcade,secondary,jaiho arcade apk,transactional,H2 / spec table / body,NO
jaiho-arcade,/games/jaiho-arcade.html,JaiHo Arcade,Arcade & Casual,jaiho arcade,secondary,jaiho arcade online,navigational,H2 / spec table / body,NO
jaiho-arcade,/games/jaiho-arcade.html,JaiHo Arcade,Arcade & Casual,jaiho arcade,secondary,jaiho arcade android,navigational,H2 / spec table / body,NO
jaiho-arcade,/games/jaiho-arcade.html,JaiHo Arcade,Arcade & Casual,jaiho arcade,secondary,jaiho arcade latest version,navigational,H2 / spec table / body,NO
jaiho-arcade,/games/jaiho-arcade.html,JaiHo Arcade,Arcade & Casual,jaiho arcade,secondary,jaiho arcade login,transactional,H2 / spec table / body,NO
jaiho-arcade,/games/jaiho-arcade.html,JaiHo Arcade,Arcade & Casual,jaiho arcade,long-tail,what is jaiho arcade,informational,FAQ question or subsection,NO
jaiho-arcade,/games/jaiho-arcade.html,JaiHo Arcade,Arcade & Casual,jaiho arcade,long-tail,how to play jaiho arcade,informational,FAQ question or subsection,NO
jaiho-arcade,/games/jaiho-arcade.html,JaiHo Arcade,Arcade & Casual,jaiho arcade,long-tail,jaiho arcade how to download,informational,FAQ question or subsection,NO
jaiho-arcade,/games/jaiho-arcade.html,JaiHo Arcade,Arcade & Casual,jaiho arcade,long-tail,is jaiho arcade safe,informational,FAQ question or subsection,NO
jaiho-arcade,/games/jaiho-arcade.html,JaiHo Arcade,Arcade & Casual,jaiho arcade,long-tail,jaiho arcade app details,informational,FAQ question or subsection,NO
jaiho-arcade,/games/jaiho-arcade.html,JaiHo Arcade,Arcade & Casual,jaiho arcade,long-tail,jaiho arcade supported devices,informational,FAQ question or subsection,NO
jaiho-arcade,/games/jaiho-arcade.html,JaiHo Arcade,Arcade & Casual,jaiho arcade,long-tail,jaiho arcade beginner guide,informational,FAQ question or subsection,NO
jaiho-arcade,/games/jaiho-arcade.html,JaiHo Arcade,Arcade & Casual,jaiho arcade,long-tail,jaiho arcade game guide,informational,FAQ question or subsection,NO
jaiho-arcade,/games/jaiho-arcade.html,JaiHo Arcade,Arcade & Casual,jaiho arcade,modifier,jaiho arcade arcade,commercial,body / category hub,NO
jaiho-arcade,/games/jaiho-arcade.html,JaiHo Arcade,Arcade & Casual,jaiho arcade,modifier,best arcade and casual yono app,commercial,body / category hub,NO
jaiho-win,/games/jaiho-win.html,JaiHo Win,Arcade & Casual,jaiho win,primary,jaiho win,navigational,H1 + title + intro,NO
jaiho-win,/games/jaiho-win.html,JaiHo Win,Arcade & Casual,jaiho win,secondary,jaiho win app,navigational,H2 / spec table / body,NO
jaiho-win,/games/jaiho-win.html,JaiHo Win,Arcade & Casual,jaiho win,secondary,jaiho win game,navigational,H2 / spec table / body,NO
jaiho-win,/games/jaiho-win.html,JaiHo Win,Arcade & Casual,jaiho win,secondary,jaiho win download,transactional,H2 / spec table / body,NO
jaiho-win,/games/jaiho-win.html,JaiHo Win,Arcade & Casual,jaiho win,secondary,jaiho win apk,transactional,H2 / spec table / body,NO
jaiho-win,/games/jaiho-win.html,JaiHo Win,Arcade & Casual,jaiho win,secondary,jaiho win online,navigational,H2 / spec table / body,NO
jaiho-win,/games/jaiho-win.html,JaiHo Win,Arcade & Casual,jaiho win,secondary,jaiho win android,navigational,H2 / spec table / body,NO
jaiho-win,/games/jaiho-win.html,JaiHo Win,Arcade & Casual,jaiho win,secondary,jaiho win latest version,navigational,H2 / spec table / body,NO
jaiho-win,/games/jaiho-win.html,JaiHo Win,Arcade & Casual,jaiho win,secondary,jaiho win login,transactional,H2 / spec table / body,NO
jaiho-win,/games/jaiho-win.html,JaiHo Win,Arcade & Casual,jaiho win,long-tail,what is jaiho win,informational,FAQ question or subsection,NO
jaiho-win,/games/jaiho-win.html,JaiHo Win,Arcade & Casual,jaiho win,long-tail,how to play jaiho win,informational,FAQ question or subsection,NO
jaiho-win,/games/jaiho-win.html,JaiHo Win,Arcade & Casual,jaiho win,long-tail,jaiho win how to download,informational,FAQ question or subsection,NO
jaiho-win,/games/jaiho-win.html,JaiHo Win,Arcade & Casual,jaiho win,long-tail,is jaiho win safe,informational,FAQ question or subsection,NO
jaiho-win,/games/jaiho-win.html,JaiHo Win,Arcade & Casual,jaiho win,long-tail,jaiho win app details,informational,FAQ question or subsection,NO
jaiho-win,/games/jaiho-win.html,JaiHo Win,Arcade & Casual,jaiho win,long-tail,jaiho win supported devices,informational,FAQ question or subsection,NO
jaiho-win,/games/jaiho-win.html,JaiHo Win,Arcade & Casual,jaiho win,long-tail,jaiho win beginner guide,informational,FAQ question or subsection,NO
jaiho-win,/games/jaiho-win.html,JaiHo Win,Arcade & Casual,jaiho win,long-tail,jaiho win game guide,informational,FAQ question or subsection,NO
jaiho-win,/games/jaiho-win.html,JaiHo Win,Arcade & Casual,jaiho win,modifier,jaiho win arcade,commercial,body / category hub,NO
jaiho-win,/games/jaiho-win.html,JaiHo Win,Arcade & Casual,jaiho win,modifier,best arcade and casual yono app,commercial,body / category hub,NO
maha-games,/games/maha-games.html,Maha Games,Arcade & Casual,maha games,primary,maha games,navigational,H1 + title + intro,NO
maha-games,/games/maha-games.html,Maha Games,Arcade & Casual,maha games,secondary,maha games app,navigational,H2 / spec table / body,NO
maha-games,/games/maha-games.html,Maha Games,Arcade & Casual,maha games,secondary,maha games game,navigational,H2 / spec table / body,NO
maha-games,/games/maha-games.html,Maha Games,Arcade & Casual,maha games,secondary,maha games download,transactional,H2 / spec table / body,NO
maha-games,/games/maha-games.html,Maha Games,Arcade & Casual,maha games,secondary,maha games apk,transactional,H2 / spec table / body,NO
maha-games,/games/maha-games.html,Maha Games,Arcade & Casual,maha games,secondary,maha games online,navigational,H2 / spec table / body,NO
maha-games,/games/maha-games.html,Maha Games,Arcade & Casual,maha games,secondary,maha games android,navigational,H2 / spec table / body,NO
maha-games,/games/maha-games.html,Maha Games,Arcade & Casual,maha games,secondary,maha games latest version,navigational,H2 / spec table / body,NO
maha-games,/games/maha-games.html,Maha Games,Arcade & Casual,maha games,secondary,maha games login,transactional,H2 / spec table / body,NO
maha-games,/games/maha-games.html,Maha Games,Arcade & Casual,maha games,long-tail,what is maha games,informational,FAQ question or subsection,NO
maha-games,/games/maha-games.html,Maha Games,Arcade & Casual,maha games,long-tail,how to play maha games,informational,FAQ question or subsection,NO
maha-games,/games/maha-games.html,Maha Games,Arcade & Casual,maha games,long-tail,maha games how to download,informational,FAQ question or subsection,NO
maha-games,/games/maha-games.html,Maha Games,Arcade & Casual,maha games,long-tail,is maha games safe,informational,FAQ question or subsection,NO
maha-games,/games/maha-games.html,Maha Games,Arcade & Casual,maha games,long-tail,maha games app details,informational,FAQ question or subsection,NO
maha-games,/games/maha-games.html,Maha Games,Arcade & Casual,maha games,long-tail,maha games supported devices,informational,FAQ question or subsection,NO
maha-games,/games/maha-games.html,Maha Games,Arcade & Casual,maha games,long-tail,maha games beginner guide,informational,FAQ question or subsection,NO
maha-games,/games/maha-games.html,Maha Games,Arcade & Casual,maha games,long-tail,maha games game guide,informational,FAQ question or subsection,NO
maha-games,/games/maha-games.html,Maha Games,Arcade & Casual,maha games,modifier,maha games arcade,commercial,body / category hub,NO
maha-games,/games/maha-games.html,Maha Games,Arcade & Casual,maha games,modifier,best arcade and casual yono app,commercial,body / category hub,NO
raja-luck,/games/raja-luck.html,Raja Luck,Arcade & Casual,raja luck,primary,raja luck,navigational,H1 + title + intro,NO
raja-luck,/games/raja-luck.html,Raja Luck,Arcade & Casual,raja luck,secondary,raja luck app,navigational,H2 / spec table / body,NO
raja-luck,/games/raja-luck.html,Raja Luck,Arcade & Casual,raja luck,secondary,raja luck game,navigational,H2 / spec table / body,NO
raja-luck,/games/raja-luck.html,Raja Luck,Arcade & Casual,raja luck,secondary,raja luck download,transactional,H2 / spec table / body,NO
raja-luck,/games/raja-luck.html,Raja Luck,Arcade & Casual,raja luck,secondary,raja luck apk,transactional,H2 / spec table / body,NO
raja-luck,/games/raja-luck.html,Raja Luck,Arcade & Casual,raja luck,secondary,raja luck online,navigational,H2 / spec table / body,NO
raja-luck,/games/raja-luck.html,Raja Luck,Arcade & Casual,raja luck,secondary,raja luck android,navigational,H2 / spec table / body,NO
raja-luck,/games/raja-luck.html,Raja Luck,Arcade & Casual,raja luck,secondary,raja luck latest version,navigational,H2 / spec table / body,NO
raja-luck,/games/raja-luck.html,Raja Luck,Arcade & Casual,raja luck,secondary,raja luck login,transactional,H2 / spec table / body,NO
raja-luck,/games/raja-luck.html,Raja Luck,Arcade & Casual,raja luck,long-tail,what is raja luck,informational,FAQ question or subsection,NO
raja-luck,/games/raja-luck.html,Raja Luck,Arcade & Casual,raja luck,long-tail,how to play raja luck,informational,FAQ question or subsection,NO
raja-luck,/games/raja-luck.html,Raja Luck,Arcade & Casual,raja luck,long-tail,raja luck how to download,informational,FAQ question or subsection,NO
raja-luck,/games/raja-luck.html,Raja Luck,Arcade & Casual,raja luck,long-tail,is raja luck safe,informational,FAQ question or subsection,NO
raja-luck,/games/raja-luck.html,Raja Luck,Arcade & Casual,raja luck,long-tail,raja luck app details,informational,FAQ question or subsection,NO
raja-luck,/games/raja-luck.html,Raja Luck,Arcade & Casual,raja luck,long-tail,raja luck supported devices,informational,FAQ question or subsection,NO
raja-luck,/games/raja-luck.html,Raja Luck,Arcade & Casual,raja luck,long-tail,raja luck beginner guide,informational,FAQ question or subsection,NO
raja-luck,/games/raja-luck.html,Raja Luck,Arcade & Casual,raja luck,long-tail,raja luck game guide,informational,FAQ question or subsection,NO
raja-luck,/games/raja-luck.html,Raja Luck,Arcade & Casual,raja luck,modifier,raja luck arcade,commercial,body / category hub,NO
raja-luck,/games/raja-luck.html,Raja Luck,Arcade & Casual,raja luck,modifier,best arcade and casual yono app,commercial,body / category hub,NO
yono-arcade,/games/yono-arcade.html,Yono Arcade,Arcade & Casual,yono arcade,primary,yono arcade,navigational,H1 + title + intro,NO
yono-arcade,/games/yono-arcade.html,Yono Arcade,Arcade & Casual,yono arcade,secondary,yono arcade app,navigational,H2 / spec table / body,NO
yono-arcade,/games/yono-arcade.html,Yono Arcade,Arcade & Casual,yono arcade,secondary,yono arcade game,navigational,H2 / spec table / body,NO
yono-arcade,/games/yono-arcade.html,Yono Arcade,Arcade & Casual,yono arcade,secondary,yono arcade download,transactional,H2 / spec table / body,NO
yono-arcade,/games/yono-arcade.html,Yono Arcade,Arcade & Casual,yono arcade,secondary,yono arcade apk,transactional,H2 / spec table / body,NO
yono-arcade,/games/yono-arcade.html,Yono Arcade,Arcade & Casual,yono arcade,secondary,yono arcade online,navigational,H2 / spec table / body,NO
yono-arcade,/games/yono-arcade.html,Yono Arcade,Arcade & Casual,yono arcade,secondary,yono arcade android,navigational,H2 / spec table / body,NO
yono-arcade,/games/yono-arcade.html,Yono Arcade,Arcade & Casual,yono arcade,secondary,yono arcade latest version,navigational,H2 / spec table / body,NO
yono-arcade,/games/yono-arcade.html,Yono Arcade,Arcade & Casual,yono arcade,secondary,yono arcade login,transactional,H2 / spec table / body,NO
yono-arcade,/games/yono-arcade.html,Yono Arcade,Arcade & Casual,yono arcade,long-tail,what is yono arcade,informational,FAQ question or subsection,NO
yono-arcade,/games/yono-arcade.html,Yono Arcade,Arcade & Casual,yono arcade,long-tail,how to play yono arcade,informational,FAQ question or subsection,NO
yono-arcade,/games/yono-arcade.html,Yono Arcade,Arcade & Casual,yono arcade,long-tail,yono arcade how to download,informational,FAQ question or subsection,NO
yono-arcade,/games/yono-arcade.html,Yono Arcade,Arcade & Casual,yono arcade,long-tail,is yono arcade safe,informational,FAQ question or subsection,NO
yono-arcade,/games/yono-arcade.html,Yono Arcade,Arcade & Casual,yono arcade,long-tail,yono arcade app details,informational,FAQ question or subsection,NO
yono-arcade,/games/yono-arcade.html,Yono Arcade,Arcade & Casual,yono arcade,long-tail,yono arcade supported devices,informational,FAQ question or subsection,NO
yono-arcade,/games/yono-arcade.html,Yono Arcade,Arcade & Casual,yono arcade,long-tail,yono arcade beginner guide,informational,FAQ question or subsection,NO
yono-arcade,/games/yono-arcade.html,Yono Arcade,Arcade & Casual,yono arcade,long-tail,yono arcade game guide,informational,FAQ question or subsection,NO
yono-arcade,/games/yono-arcade.html,Yono Arcade,Arcade & Casual,yono arcade,modifier,yono arcade arcade,commercial,body / category hub,NO
yono-arcade,/games/yono-arcade.html,Yono Arcade,Arcade & Casual,yono arcade,modifier,best arcade and casual yono app,commercial,body / category hub,NO
yono-games,/games/yono-games.html,Yono Games,Arcade & Casual,yono games,primary,yono games,navigational,H1 + title + intro,NO
yono-games,/games/yono-games.html,Yono Games,Arcade & Casual,yono games,secondary,yono games app,navigational,H2 / spec table / body,NO
yono-games,/games/yono-games.html,Yono Games,Arcade & Casual,yono games,secondary,yono games game,navigational,H2 / spec table / body,NO
yono-games,/games/yono-games.html,Yono Games,Arcade & Casual,yono games,secondary,yono games download,transactional,H2 / spec table / body,NO
yono-games,/games/yono-games.html,Yono Games,Arcade & Casual,yono games,secondary,yono games apk,transactional,H2 / spec table / body,NO
yono-games,/games/yono-games.html,Yono Games,Arcade & Casual,yono games,secondary,yono games online,navigational,H2 / spec table / body,NO
yono-games,/games/yono-games.html,Yono Games,Arcade & Casual,yono games,secondary,yono games android,navigational,H2 / spec table / body,NO
yono-games,/games/yono-games.html,Yono Games,Arcade & Casual,yono games,secondary,yono games latest version,navigational,H2 / spec table / body,NO
yono-games,/games/yono-games.html,Yono Games,Arcade & Casual,yono games,secondary,yono games login,transactional,H2 / spec table / body,NO
yono-games,/games/yono-games.html,Yono Games,Arcade & Casual,yono games,long-tail,what is yono games,informational,FAQ question or subsection,NO
yono-games,/games/yono-games.html,Yono Games,Arcade & Casual,yono games,long-tail,how to play yono games,informational,FAQ question or subsection,NO
yono-games,/games/yono-games.html,Yono Games,Arcade & Casual,yono games,long-tail,yono games how to download,informational,FAQ question or subsection,NO
yono-games,/games/yono-games.html,Yono Games,Arcade & Casual,yono games,long-tail,is yono games safe,informational,FAQ question or subsection,NO
yono-games,/games/yono-games.html,Yono Games,Arcade & Casual,yono games,long-tail,yono games app details,informational,FAQ question or subsection,NO
yono-games,/games/yono-games.html,Yono Games,Arcade & Casual,yono games,long-tail,yono games supported devices,informational,FAQ question or subsection,NO
yono-games,/games/yono-games.html,Yono Games,Arcade & Casual,yono games,long-tail,yono games beginner guide,informational,FAQ question or subsection,NO
yono-games,/games/yono-games.html,Yono Games,Arcade & Casual,yono games,long-tail,yono games game guide,informational,FAQ question or subsection,NO
yono-games,/games/yono-games.html,Yono Games,Arcade & Casual,yono games,modifier,yono games arcade,commercial,body / category hub,NO
yono-games,/games/yono-games.html,Yono Games,Arcade & Casual,yono games,modifier,best arcade and casual yono app,commercial,body / category hub,NO
en-365,/games/en-365.html,EN 365,Multi-Game Platforms,en 365,primary,en 365,navigational,H1 + title + intro,NO
en-365,/games/en-365.html,EN 365,Multi-Game Platforms,en 365,secondary,en 365 app,navigational,H2 / spec table / body,NO
en-365,/games/en-365.html,EN 365,Multi-Game Platforms,en 365,secondary,en 365 game,navigational,H2 / spec table / body,NO
en-365,/games/en-365.html,EN 365,Multi-Game Platforms,en 365,secondary,en 365 download,transactional,H2 / spec table / body,NO
en-365,/games/en-365.html,EN 365,Multi-Game Platforms,en 365,secondary,en 365 apk,transactional,H2 / spec table / body,NO
en-365,/games/en-365.html,EN 365,Multi-Game Platforms,en 365,secondary,en 365 online,navigational,H2 / spec table / body,NO
en-365,/games/en-365.html,EN 365,Multi-Game Platforms,en 365,secondary,en 365 android,navigational,H2 / spec table / body,NO
en-365,/games/en-365.html,EN 365,Multi-Game Platforms,en 365,secondary,en 365 latest version,navigational,H2 / spec table / body,NO
en-365,/games/en-365.html,EN 365,Multi-Game Platforms,en 365,secondary,en 365 login,transactional,H2 / spec table / body,NO
en-365,/games/en-365.html,EN 365,Multi-Game Platforms,en 365,long-tail,what is en 365,informational,FAQ question or subsection,NO
en-365,/games/en-365.html,EN 365,Multi-Game Platforms,en 365,long-tail,how to play en 365,informational,FAQ question or subsection,NO
en-365,/games/en-365.html,EN 365,Multi-Game Platforms,en 365,long-tail,en 365 how to download,informational,FAQ question or subsection,NO
en-365,/games/en-365.html,EN 365,Multi-Game Platforms,en 365,long-tail,is en 365 safe,informational,FAQ question or subsection,NO
en-365,/games/en-365.html,EN 365,Multi-Game Platforms,en 365,long-tail,en 365 app details,informational,FAQ question or subsection,NO
en-365,/games/en-365.html,EN 365,Multi-Game Platforms,en 365,long-tail,en 365 supported devices,informational,FAQ question or subsection,NO
en-365,/games/en-365.html,EN 365,Multi-Game Platforms,en 365,long-tail,en 365 beginner guide,informational,FAQ question or subsection,NO
en-365,/games/en-365.html,EN 365,Multi-Game Platforms,en 365,long-tail,en 365 game guide,informational,FAQ question or subsection,NO
en-365,/games/en-365.html,EN 365,Multi-Game Platforms,en 365,modifier,en 365 multi-game,commercial,body / category hub,NO
en-365,/games/en-365.html,EN 365,Multi-Game Platforms,en 365,modifier,best multi-game platforms yono app,commercial,body / category hub,NO
mbm-bet,/games/mbm-bet.html,MBM Bet,Multi-Game Platforms,mbm bet,primary,mbm bet,navigational,H1 + title + intro,NO
mbm-bet,/games/mbm-bet.html,MBM Bet,Multi-Game Platforms,mbm bet,secondary,mbm bet app,navigational,H2 / spec table / body,NO
mbm-bet,/games/mbm-bet.html,MBM Bet,Multi-Game Platforms,mbm bet,secondary,mbm bet game,navigational,H2 / spec table / body,NO
mbm-bet,/games/mbm-bet.html,MBM Bet,Multi-Game Platforms,mbm bet,secondary,mbm bet download,transactional,H2 / spec table / body,NO
mbm-bet,/games/mbm-bet.html,MBM Bet,Multi-Game Platforms,mbm bet,secondary,mbm bet apk,transactional,H2 / spec table / body,NO
mbm-bet,/games/mbm-bet.html,MBM Bet,Multi-Game Platforms,mbm bet,secondary,mbm bet online,navigational,H2 / spec table / body,NO
mbm-bet,/games/mbm-bet.html,MBM Bet,Multi-Game Platforms,mbm bet,secondary,mbm bet android,navigational,H2 / spec table / body,NO
mbm-bet,/games/mbm-bet.html,MBM Bet,Multi-Game Platforms,mbm bet,secondary,mbm bet latest version,navigational,H2 / spec table / body,NO
mbm-bet,/games/mbm-bet.html,MBM Bet,Multi-Game Platforms,mbm bet,secondary,mbm bet login,transactional,H2 / spec table / body,NO
mbm-bet,/games/mbm-bet.html,MBM Bet,Multi-Game Platforms,mbm bet,long-tail,what is mbm bet,informational,FAQ question or subsection,NO
mbm-bet,/games/mbm-bet.html,MBM Bet,Multi-Game Platforms,mbm bet,long-tail,how to play mbm bet,informational,FAQ question or subsection,NO
mbm-bet,/games/mbm-bet.html,MBM Bet,Multi-Game Platforms,mbm bet,long-tail,mbm bet how to download,informational,FAQ question or subsection,NO
mbm-bet,/games/mbm-bet.html,MBM Bet,Multi-Game Platforms,mbm bet,long-tail,is mbm bet safe,informational,FAQ question or subsection,NO
mbm-bet,/games/mbm-bet.html,MBM Bet,Multi-Game Platforms,mbm bet,long-tail,mbm bet app details,informational,FAQ question or subsection,NO
mbm-bet,/games/mbm-bet.html,MBM Bet,Multi-Game Platforms,mbm bet,long-tail,mbm bet supported devices,informational,FAQ question or subsection,NO
mbm-bet,/games/mbm-bet.html,MBM Bet,Multi-Game Platforms,mbm bet,long-tail,mbm bet beginner guide,informational,FAQ question or subsection,NO
mbm-bet,/games/mbm-bet.html,MBM Bet,Multi-Game Platforms,mbm bet,long-tail,mbm bet game guide,informational,FAQ question or subsection,NO
mbm-bet,/games/mbm-bet.html,MBM Bet,Multi-Game Platforms,mbm bet,modifier,mbm bet multi-game,commercial,body / category hub,NO
mbm-bet,/games/mbm-bet.html,MBM Bet,Multi-Game Platforms,mbm bet,modifier,best multi-game platforms yono app,commercial,body / category hub,NO
mdm-bet,/games/mdm-bet.html,MDM Bet,Multi-Game Platforms,mdm bet,primary,mdm bet,navigational,H1 + title + intro,NO
mdm-bet,/games/mdm-bet.html,MDM Bet,Multi-Game Platforms,mdm bet,secondary,mdm bet app,navigational,H2 / spec table / body,NO
mdm-bet,/games/mdm-bet.html,MDM Bet,Multi-Game Platforms,mdm bet,secondary,mdm bet game,navigational,H2 / spec table / body,NO
mdm-bet,/games/mdm-bet.html,MDM Bet,Multi-Game Platforms,mdm bet,secondary,mdm bet download,transactional,H2 / spec table / body,NO
mdm-bet,/games/mdm-bet.html,MDM Bet,Multi-Game Platforms,mdm bet,secondary,mdm bet apk,transactional,H2 / spec table / body,NO
mdm-bet,/games/mdm-bet.html,MDM Bet,Multi-Game Platforms,mdm bet,secondary,mdm bet online,navigational,H2 / spec table / body,NO
mdm-bet,/games/mdm-bet.html,MDM Bet,Multi-Game Platforms,mdm bet,secondary,mdm bet android,navigational,H2 / spec table / body,NO
mdm-bet,/games/mdm-bet.html,MDM Bet,Multi-Game Platforms,mdm bet,secondary,mdm bet latest version,navigational,H2 / spec table / body,NO
mdm-bet,/games/mdm-bet.html,MDM Bet,Multi-Game Platforms,mdm bet,secondary,mdm bet login,transactional,H2 / spec table / body,NO
mdm-bet,/games/mdm-bet.html,MDM Bet,Multi-Game Platforms,mdm bet,long-tail,what is mdm bet,informational,FAQ question or subsection,NO
mdm-bet,/games/mdm-bet.html,MDM Bet,Multi-Game Platforms,mdm bet,long-tail,how to play mdm bet,informational,FAQ question or subsection,NO
mdm-bet,/games/mdm-bet.html,MDM Bet,Multi-Game Platforms,mdm bet,long-tail,mdm bet how to download,informational,FAQ question or subsection,NO
mdm-bet,/games/mdm-bet.html,MDM Bet,Multi-Game Platforms,mdm bet,long-tail,is mdm bet safe,informational,FAQ question or subsection,NO
mdm-bet,/games/mdm-bet.html,MDM Bet,Multi-Game Platforms,mdm bet,long-tail,mdm bet app details,informational,FAQ question or subsection,NO
mdm-bet,/games/mdm-bet.html,MDM Bet,Multi-Game Platforms,mdm bet,long-tail,mdm bet supported devices,informational,FAQ question or subsection,NO
mdm-bet,/games/mdm-bet.html,MDM Bet,Multi-Game Platforms,mdm bet,long-tail,mdm bet beginner guide,informational,FAQ question or subsection,NO
mdm-bet,/games/mdm-bet.html,MDM Bet,Multi-Game Platforms,mdm bet,long-tail,mdm bet game guide,informational,FAQ question or subsection,NO
mdm-bet,/games/mdm-bet.html,MDM Bet,Multi-Game Platforms,mdm bet,modifier,mdm bet multi-game,commercial,body / category hub,NO
mdm-bet,/games/mdm-bet.html,MDM Bet,Multi-Game Platforms,mdm bet,modifier,best multi-game platforms yono app,commercial,body / category hub,NO
mkm-bet,/games/mkm-bet.html,MKM Bet,Multi-Game Platforms,mkm bet,primary,mkm bet,navigational,H1 + title + intro,NO
mkm-bet,/games/mkm-bet.html,MKM Bet,Multi-Game Platforms,mkm bet,secondary,mkm bet app,navigational,H2 / spec table / body,NO
mkm-bet,/games/mkm-bet.html,MKM Bet,Multi-Game Platforms,mkm bet,secondary,mkm bet game,navigational,H2 / spec table / body,NO
mkm-bet,/games/mkm-bet.html,MKM Bet,Multi-Game Platforms,mkm bet,secondary,mkm bet download,transactional,H2 / spec table / body,NO
mkm-bet,/games/mkm-bet.html,MKM Bet,Multi-Game Platforms,mkm bet,secondary,mkm bet apk,transactional,H2 / spec table / body,NO
mkm-bet,/games/mkm-bet.html,MKM Bet,Multi-Game Platforms,mkm bet,secondary,mkm bet online,navigational,H2 / spec table / body,NO
mkm-bet,/games/mkm-bet.html,MKM Bet,Multi-Game Platforms,mkm bet,secondary,mkm bet android,navigational,H2 / spec table / body,NO
mkm-bet,/games/mkm-bet.html,MKM Bet,Multi-Game Platforms,mkm bet,secondary,mkm bet latest version,navigational,H2 / spec table / body,NO
mkm-bet,/games/mkm-bet.html,MKM Bet,Multi-Game Platforms,mkm bet,secondary,mkm bet login,transactional,H2 / spec table / body,NO
mkm-bet,/games/mkm-bet.html,MKM Bet,Multi-Game Platforms,mkm bet,long-tail,what is mkm bet,informational,FAQ question or subsection,NO
mkm-bet,/games/mkm-bet.html,MKM Bet,Multi-Game Platforms,mkm bet,long-tail,how to play mkm bet,informational,FAQ question or subsection,NO
mkm-bet,/games/mkm-bet.html,MKM Bet,Multi-Game Platforms,mkm bet,long-tail,mkm bet how to download,informational,FAQ question or subsection,NO
mkm-bet,/games/mkm-bet.html,MKM Bet,Multi-Game Platforms,mkm bet,long-tail,is mkm bet safe,informational,FAQ question or subsection,NO
mkm-bet,/games/mkm-bet.html,MKM Bet,Multi-Game Platforms,mkm bet,long-tail,mkm bet app details,informational,FAQ question or subsection,NO
mkm-bet,/games/mkm-bet.html,MKM Bet,Multi-Game Platforms,mkm bet,long-tail,mkm bet supported devices,informational,FAQ question or subsection,NO
mkm-bet,/games/mkm-bet.html,MKM Bet,Multi-Game Platforms,mkm bet,long-tail,mkm bet beginner guide,informational,FAQ question or subsection,NO
mkm-bet,/games/mkm-bet.html,MKM Bet,Multi-Game Platforms,mkm bet,long-tail,mkm bet game guide,informational,FAQ question or subsection,NO
mkm-bet,/games/mkm-bet.html,MKM Bet,Multi-Game Platforms,mkm bet,modifier,mkm bet multi-game,commercial,body / category hub,NO
mkm-bet,/games/mkm-bet.html,MKM Bet,Multi-Game Platforms,mkm bet,modifier,best multi-game platforms yono app,commercial,body / category hub,NO
mqm-bet,/games/mqm-bet.html,MQM Bet,Multi-Game Platforms,mqm bet,primary,mqm bet,navigational,H1 + title + intro,NO
mqm-bet,/games/mqm-bet.html,MQM Bet,Multi-Game Platforms,mqm bet,secondary,mqm bet app,navigational,H2 / spec table / body,NO
mqm-bet,/games/mqm-bet.html,MQM Bet,Multi-Game Platforms,mqm bet,secondary,mqm bet game,navigational,H2 / spec table / body,NO
mqm-bet,/games/mqm-bet.html,MQM Bet,Multi-Game Platforms,mqm bet,secondary,mqm bet download,transactional,H2 / spec table / body,NO
mqm-bet,/games/mqm-bet.html,MQM Bet,Multi-Game Platforms,mqm bet,secondary,mqm bet apk,transactional,H2 / spec table / body,NO
mqm-bet,/games/mqm-bet.html,MQM Bet,Multi-Game Platforms,mqm bet,secondary,mqm bet online,navigational,H2 / spec table / body,NO
mqm-bet,/games/mqm-bet.html,MQM Bet,Multi-Game Platforms,mqm bet,secondary,mqm bet android,navigational,H2 / spec table / body,NO
mqm-bet,/games/mqm-bet.html,MQM Bet,Multi-Game Platforms,mqm bet,secondary,mqm bet latest version,navigational,H2 / spec table / body,NO
mqm-bet,/games/mqm-bet.html,MQM Bet,Multi-Game Platforms,mqm bet,secondary,mqm bet login,transactional,H2 / spec table / body,NO
mqm-bet,/games/mqm-bet.html,MQM Bet,Multi-Game Platforms,mqm bet,long-tail,what is mqm bet,informational,FAQ question or subsection,NO
mqm-bet,/games/mqm-bet.html,MQM Bet,Multi-Game Platforms,mqm bet,long-tail,how to play mqm bet,informational,FAQ question or subsection,NO
mqm-bet,/games/mqm-bet.html,MQM Bet,Multi-Game Platforms,mqm bet,long-tail,mqm bet how to download,informational,FAQ question or subsection,NO
mqm-bet,/games/mqm-bet.html,MQM Bet,Multi-Game Platforms,mqm bet,long-tail,is mqm bet safe,informational,FAQ question or subsection,NO
mqm-bet,/games/mqm-bet.html,MQM Bet,Multi-Game Platforms,mqm bet,long-tail,mqm bet app details,informational,FAQ question or subsection,NO
mqm-bet,/games/mqm-bet.html,MQM Bet,Multi-Game Platforms,mqm bet,long-tail,mqm bet supported devices,informational,FAQ question or subsection,NO
mqm-bet,/games/mqm-bet.html,MQM Bet,Multi-Game Platforms,mqm bet,long-tail,mqm bet beginner guide,informational,FAQ question or subsection,NO
mqm-bet,/games/mqm-bet.html,MQM Bet,Multi-Game Platforms,mqm bet,long-tail,mqm bet game guide,informational,FAQ question or subsection,NO
mqm-bet,/games/mqm-bet.html,MQM Bet,Multi-Game Platforms,mqm bet,modifier,mqm bet multi-game,commercial,body / category hub,NO
mqm-bet,/games/mqm-bet.html,MQM Bet,Multi-Game Platforms,mqm bet,modifier,best multi-game platforms yono app,commercial,body / category hub,NO
mwm-bet,/games/mwm-bet.html,MWM Bet,Multi-Game Platforms,mwm bet,primary,mwm bet,navigational,H1 + title + intro,NO
mwm-bet,/games/mwm-bet.html,MWM Bet,Multi-Game Platforms,mwm bet,secondary,mwm bet app,navigational,H2 / spec table / body,NO
mwm-bet,/games/mwm-bet.html,MWM Bet,Multi-Game Platforms,mwm bet,secondary,mwm bet game,navigational,H2 / spec table / body,NO
mwm-bet,/games/mwm-bet.html,MWM Bet,Multi-Game Platforms,mwm bet,secondary,mwm bet download,transactional,H2 / spec table / body,NO
mwm-bet,/games/mwm-bet.html,MWM Bet,Multi-Game Platforms,mwm bet,secondary,mwm bet apk,transactional,H2 / spec table / body,NO
mwm-bet,/games/mwm-bet.html,MWM Bet,Multi-Game Platforms,mwm bet,secondary,mwm bet online,navigational,H2 / spec table / body,NO
mwm-bet,/games/mwm-bet.html,MWM Bet,Multi-Game Platforms,mwm bet,secondary,mwm bet android,navigational,H2 / spec table / body,NO
mwm-bet,/games/mwm-bet.html,MWM Bet,Multi-Game Platforms,mwm bet,secondary,mwm bet latest version,navigational,H2 / spec table / body,NO
mwm-bet,/games/mwm-bet.html,MWM Bet,Multi-Game Platforms,mwm bet,secondary,mwm bet login,transactional,H2 / spec table / body,NO
mwm-bet,/games/mwm-bet.html,MWM Bet,Multi-Game Platforms,mwm bet,long-tail,what is mwm bet,informational,FAQ question or subsection,NO
mwm-bet,/games/mwm-bet.html,MWM Bet,Multi-Game Platforms,mwm bet,long-tail,how to play mwm bet,informational,FAQ question or subsection,NO
mwm-bet,/games/mwm-bet.html,MWM Bet,Multi-Game Platforms,mwm bet,long-tail,mwm bet how to download,informational,FAQ question or subsection,NO
mwm-bet,/games/mwm-bet.html,MWM Bet,Multi-Game Platforms,mwm bet,long-tail,is mwm bet safe,informational,FAQ question or subsection,NO
mwm-bet,/games/mwm-bet.html,MWM Bet,Multi-Game Platforms,mwm bet,long-tail,mwm bet app details,informational,FAQ question or subsection,NO
mwm-bet,/games/mwm-bet.html,MWM Bet,Multi-Game Platforms,mwm bet,long-tail,mwm bet supported devices,informational,FAQ question or subsection,NO
mwm-bet,/games/mwm-bet.html,MWM Bet,Multi-Game Platforms,mwm bet,long-tail,mwm bet beginner guide,informational,FAQ question or subsection,NO
mwm-bet,/games/mwm-bet.html,MWM Bet,Multi-Game Platforms,mwm bet,long-tail,mwm bet game guide,informational,FAQ question or subsection,NO
mwm-bet,/games/mwm-bet.html,MWM Bet,Multi-Game Platforms,mwm bet,modifier,mwm bet multi-game,commercial,body / category hub,NO
mwm-bet,/games/mwm-bet.html,MWM Bet,Multi-Game Platforms,mwm bet,modifier,best multi-game platforms yono app,commercial,body / category hub,NO
bingo-101,/games/bingo-101.html,Bingo 101,Bingo,bingo 101,primary,bingo 101,navigational,H1 + title + intro,NO
bingo-101,/games/bingo-101.html,Bingo 101,Bingo,bingo 101,secondary,bingo 101 app,navigational,H2 / spec table / body,NO
bingo-101,/games/bingo-101.html,Bingo 101,Bingo,bingo 101,secondary,bingo 101 game,navigational,H2 / spec table / body,NO
bingo-101,/games/bingo-101.html,Bingo 101,Bingo,bingo 101,secondary,bingo 101 download,transactional,H2 / spec table / body,NO
bingo-101,/games/bingo-101.html,Bingo 101,Bingo,bingo 101,secondary,bingo 101 apk,transactional,H2 / spec table / body,NO
bingo-101,/games/bingo-101.html,Bingo 101,Bingo,bingo 101,secondary,bingo 101 online,navigational,H2 / spec table / body,NO
bingo-101,/games/bingo-101.html,Bingo 101,Bingo,bingo 101,secondary,bingo 101 android,navigational,H2 / spec table / body,NO
bingo-101,/games/bingo-101.html,Bingo 101,Bingo,bingo 101,secondary,bingo 101 latest version,navigational,H2 / spec table / body,NO
bingo-101,/games/bingo-101.html,Bingo 101,Bingo,bingo 101,secondary,bingo 101 login,transactional,H2 / spec table / body,NO
bingo-101,/games/bingo-101.html,Bingo 101,Bingo,bingo 101,long-tail,what is bingo 101,informational,FAQ question or subsection,NO
bingo-101,/games/bingo-101.html,Bingo 101,Bingo,bingo 101,long-tail,how to play bingo 101,informational,FAQ question or subsection,NO
bingo-101,/games/bingo-101.html,Bingo 101,Bingo,bingo 101,long-tail,bingo 101 how to download,informational,FAQ question or subsection,NO
bingo-101,/games/bingo-101.html,Bingo 101,Bingo,bingo 101,long-tail,is bingo 101 safe,informational,FAQ question or subsection,NO
bingo-101,/games/bingo-101.html,Bingo 101,Bingo,bingo 101,long-tail,bingo 101 app details,informational,FAQ question or subsection,NO
bingo-101,/games/bingo-101.html,Bingo 101,Bingo,bingo 101,long-tail,bingo 101 supported devices,informational,FAQ question or subsection,NO
bingo-101,/games/bingo-101.html,Bingo 101,Bingo,bingo 101,long-tail,bingo 101 beginner guide,informational,FAQ question or subsection,NO
bingo-101,/games/bingo-101.html,Bingo 101,Bingo,bingo 101,long-tail,bingo 101 game guide,informational,FAQ question or subsection,NO
bingo-101,/games/bingo-101.html,Bingo 101,Bingo,bingo 101,modifier,bingo 101 bingo,commercial,body / category hub,NO
bingo-101,/games/bingo-101.html,Bingo 101,Bingo,bingo 101,modifier,best bingo yono app,commercial,body / category hub,NO
ind-bingo,/games/ind-bingo.html,Ind Bingo,Bingo,ind bingo,primary,ind bingo,navigational,H1 + title + intro,NO
ind-bingo,/games/ind-bingo.html,Ind Bingo,Bingo,ind bingo,secondary,ind bingo app,navigational,H2 / spec table / body,NO
ind-bingo,/games/ind-bingo.html,Ind Bingo,Bingo,ind bingo,secondary,ind bingo game,navigational,H2 / spec table / body,NO
ind-bingo,/games/ind-bingo.html,Ind Bingo,Bingo,ind bingo,secondary,ind bingo download,transactional,H2 / spec table / body,NO
ind-bingo,/games/ind-bingo.html,Ind Bingo,Bingo,ind bingo,secondary,ind bingo apk,transactional,H2 / spec table / body,NO
ind-bingo,/games/ind-bingo.html,Ind Bingo,Bingo,ind bingo,secondary,ind bingo online,navigational,H2 / spec table / body,NO
ind-bingo,/games/ind-bingo.html,Ind Bingo,Bingo,ind bingo,secondary,ind bingo android,navigational,H2 / spec table / body,NO
ind-bingo,/games/ind-bingo.html,Ind Bingo,Bingo,ind bingo,secondary,ind bingo latest version,navigational,H2 / spec table / body,NO
ind-bingo,/games/ind-bingo.html,Ind Bingo,Bingo,ind bingo,secondary,ind bingo login,transactional,H2 / spec table / body,NO
ind-bingo,/games/ind-bingo.html,Ind Bingo,Bingo,ind bingo,long-tail,what is ind bingo,informational,FAQ question or subsection,NO
ind-bingo,/games/ind-bingo.html,Ind Bingo,Bingo,ind bingo,long-tail,how to play ind bingo,informational,FAQ question or subsection,NO
ind-bingo,/games/ind-bingo.html,Ind Bingo,Bingo,ind bingo,long-tail,ind bingo how to download,informational,FAQ question or subsection,NO
ind-bingo,/games/ind-bingo.html,Ind Bingo,Bingo,ind bingo,long-tail,is ind bingo safe,informational,FAQ question or subsection,NO
ind-bingo,/games/ind-bingo.html,Ind Bingo,Bingo,ind bingo,long-tail,ind bingo app details,informational,FAQ question or subsection,NO
ind-bingo,/games/ind-bingo.html,Ind Bingo,Bingo,ind bingo,long-tail,ind bingo supported devices,informational,FAQ question or subsection,NO
ind-bingo,/games/ind-bingo.html,Ind Bingo,Bingo,ind bingo,long-tail,ind bingo beginner guide,informational,FAQ question or subsection,NO
ind-bingo,/games/ind-bingo.html,Ind Bingo,Bingo,ind bingo,long-tail,ind bingo game guide,informational,FAQ question or subsection,NO
ind-bingo,/games/ind-bingo.html,Ind Bingo,Bingo,ind bingo,modifier,ind bingo bingo,commercial,body / category hub,NO
ind-bingo,/games/ind-bingo.html,Ind Bingo,Bingo,ind bingo,modifier,best bingo yono app,commercial,body / category hub,NO
rummy-ludo,/games/rummy-ludo.html,Rummy Ludo,Ludo & Board,rummy ludo,primary,rummy ludo,navigational,H1 + title + intro,NO
rummy-ludo,/games/rummy-ludo.html,Rummy Ludo,Ludo & Board,rummy ludo,secondary,rummy ludo app,navigational,H2 / spec table / body,NO
rummy-ludo,/games/rummy-ludo.html,Rummy Ludo,Ludo & Board,rummy ludo,secondary,rummy ludo game,navigational,H2 / spec table / body,NO
rummy-ludo,/games/rummy-ludo.html,Rummy Ludo,Ludo & Board,rummy ludo,secondary,rummy ludo download,transactional,H2 / spec table / body,NO
rummy-ludo,/games/rummy-ludo.html,Rummy Ludo,Ludo & Board,rummy ludo,secondary,rummy ludo apk,transactional,H2 / spec table / body,NO
rummy-ludo,/games/rummy-ludo.html,Rummy Ludo,Ludo & Board,rummy ludo,secondary,rummy ludo online,navigational,H2 / spec table / body,NO
rummy-ludo,/games/rummy-ludo.html,Rummy Ludo,Ludo & Board,rummy ludo,secondary,rummy ludo android,navigational,H2 / spec table / body,NO
rummy-ludo,/games/rummy-ludo.html,Rummy Ludo,Ludo & Board,rummy ludo,secondary,rummy ludo latest version,navigational,H2 / spec table / body,NO
rummy-ludo,/games/rummy-ludo.html,Rummy Ludo,Ludo & Board,rummy ludo,secondary,rummy ludo login,transactional,H2 / spec table / body,NO
rummy-ludo,/games/rummy-ludo.html,Rummy Ludo,Ludo & Board,rummy ludo,long-tail,what is rummy ludo,informational,FAQ question or subsection,NO
rummy-ludo,/games/rummy-ludo.html,Rummy Ludo,Ludo & Board,rummy ludo,long-tail,how to play rummy ludo,informational,FAQ question or subsection,NO
rummy-ludo,/games/rummy-ludo.html,Rummy Ludo,Ludo & Board,rummy ludo,long-tail,rummy ludo how to download,informational,FAQ question or subsection,NO
rummy-ludo,/games/rummy-ludo.html,Rummy Ludo,Ludo & Board,rummy ludo,long-tail,is rummy ludo safe,informational,FAQ question or subsection,NO
rummy-ludo,/games/rummy-ludo.html,Rummy Ludo,Ludo & Board,rummy ludo,long-tail,rummy ludo app details,informational,FAQ question or subsection,NO
rummy-ludo,/games/rummy-ludo.html,Rummy Ludo,Ludo & Board,rummy ludo,long-tail,rummy ludo supported devices,informational,FAQ question or subsection,NO
rummy-ludo,/games/rummy-ludo.html,Rummy Ludo,Ludo & Board,rummy ludo,long-tail,rummy ludo beginner guide,informational,FAQ question or subsection,NO
rummy-ludo,/games/rummy-ludo.html,Rummy Ludo,Ludo & Board,rummy ludo,long-tail,rummy ludo game guide,informational,FAQ question or subsection,NO
rummy-ludo,/games/rummy-ludo.html,Rummy Ludo,Ludo & Board,rummy ludo,modifier,rummy ludo ludo,commercial,body / category hub,NO
rummy-ludo,/games/rummy-ludo.html,Rummy Ludo,Ludo & Board,rummy ludo,modifier,best ludo and board yono app,commercial,body / category hub,NO
,/,,site,yono games,primary,yono games,commercial,H1 / title,NO
,/,,site,yono games,secondary,yono games list,informational,H1 / title,NO
,/,,site,yono games,secondary,all yono games,informational,H1 / title,NO
,/games/,,site,yono games,primary,yono games download,transactional,H1 / title,NO
,/games/,,site,yono games,secondary,yono all games,informational,H1 / title,NO
rummy,/games/rummy.html,,Rummy,yono rummy,primary,yono rummy,commercial,H1 / intro,NO
rummy,/games/rummy.html,,Rummy,yono rummy,secondary,rummy yono apps,commercial,H1 / intro,NO
rummy,/games/rummy.html,,Rummy,yono rummy,long-tail,best yono rummy apps,commercial,H1 / intro,NO
slots-and-777,/games/slots-and-777.html,,Slots & 777,yono slots and 777,primary,yono slots and 777,commercial,H1 / intro,NO
slots-and-777,/games/slots-and-777.html,,Slots & 777,yono slots and 777,secondary,slots and 777 yono apps,commercial,H1 / intro,NO
slots-and-777,/games/slots-and-777.html,,Slots & 777,yono slots and 777,long-tail,best yono slots apps,commercial,H1 / intro,NO
teen-patti-and-vip-club,/games/teen-patti-and-vip-club.html,,Teen Patti & VIP Club,yono teen patti and vip club,primary,yono teen patti and vip club,commercial,H1 / intro,NO
teen-patti-and-vip-club,/games/teen-patti-and-vip-club.html,,Teen Patti & VIP Club,yono teen patti and vip club,secondary,teen patti and vip club yono apps,commercial,H1 / intro,NO
teen-patti-and-vip-club,/games/teen-patti-and-vip-club.html,,Teen Patti & VIP Club,yono teen patti and vip club,long-tail,best yono teen apps,commercial,H1 / intro,NO
arcade-and-casual,/games/arcade-and-casual.html,,Arcade & Casual,yono arcade and casual,primary,yono arcade and casual,commercial,H1 / intro,NO
arcade-and-casual,/games/arcade-and-casual.html,,Arcade & Casual,yono arcade and casual,secondary,arcade and casual yono apps,commercial,H1 / intro,NO
arcade-and-casual,/games/arcade-and-casual.html,,Arcade & Casual,yono arcade and casual,long-tail,best yono arcade apps,commercial,H1 / intro,NO
multi-game-platforms,/games/multi-game-platforms.html,,Multi-Game Platforms,yono multi-game platforms,primary,yono multi-game platforms,commercial,H1 / intro,NO
multi-game-platforms,/games/multi-game-platforms.html,,Multi-Game Platforms,yono multi-game platforms,secondary,multi-game platforms yono apps,commercial,H1 / intro,NO
multi-game-platforms,/games/multi-game-platforms.html,,Multi-Game Platforms,yono multi-game platforms,long-tail,best yono multi-game apps,commercial,H1 / intro,NO
bingo,/games/bingo.html,,Bingo,yono bingo,primary,yono bingo,commercial,H1 / intro,NO
bingo,/games/bingo.html,,Bingo,yono bingo,secondary,bingo yono apps,commercial,H1 / intro,NO
bingo,/games/bingo.html,,Bingo,yono bingo,long-tail,best yono bingo apps,commercial,H1 / intro,NO
ludo-and-board,/games/ludo-and-board.html,,Ludo & Board,yono ludo and board,primary,yono ludo and board,commercial,H1 / intro,NO
ludo-and-board,/games/ludo-and-board.html,,Ludo & Board,yono ludo and board,secondary,ludo and board yono apps,commercial,H1 / intro,NO
ludo-and-board,/games/ludo-and-board.html,,Ludo & Board,yono ludo and board,long-tail,best yono ludo apps,commercial,H1 / intro,NO
